1,Pengembangan Sistem Informasi Manajemen Apotek UII Farma,"SISTEM INFORMASI DAN REKAYASA PERANGKAT LUNAK",SIRPL
2,Sistem Pendukung Keputusan Untuk Menentukan Harga Jual Beras  ,"SISTEM INFORMASI DAN REKAYASA PERANGKAT LUNAK",SIRPL
3,Sistem Informasi Pelayanan Rumah Sakit Muhammadiyah Rodliyah Achid Moga.,"SISTEM INFORMASI DAN REKAYASA PERANGKAT LUNAK",SIRPL
4,Aplikasi penjadwalan sholat menggunakan GPS pada perangkat iPhone,"SISTEM INFORMASI DAN REKAYASA PERANGKAT LUNAK",SIRPL
5,"Academic Information System (AIS) IHS. Modul Registrasi Mahasiswa Baru, Orientasi Mahasiswa Baru, dan Perkuliahan Persemester","SISTEM INFORMASI DAN REKAYASA PERANGKAT LUNAK",SIRPL
6,"Academic Information System (AIS) IHS. Modul Pendaftaran Mahasiswa Baru, Ujian Ulang dan Semester Pendek dan Perkuliahan Semester V (Study Off Campus)","SISTEM INFORMASI DAN REKAYASA PERANGKAT LUNAK",SIRPL
7,SISTEM PEMBAGIAN KELAS SISWA BARU  DENGAN ALGORITMA GENETIKA BERBASIS WEB,"SISTEM INFORMASI DAN REKAYASA PERANGKAT LUNAK",SIRPL
8,Mobile Education Untuk Aplikasi Pembelajaran Menggunakan J2ME dan Web Service,"SISTEM INFORMASI DAN REKAYASA PERANGKAT LUNAK",SIRPL
9,APLIKASI SHORT MESSAGE SERVICE (SMS) INFORMASI PENCARIAN DAN RESERVASI HOTEL BERBASIS DELPHI,"SISTEM INFORMASI DAN REKAYASA PERANGKAT LUNAK",SIRPL
10,Sistem Informasi Penjualan Koran ( Studi  Kasus : Lombok Pos ),"SISTEM INFORMASI DAN REKAYASA PERANGKAT LUNAK",SIRPL
11,VIRTUAL MUSEUM BATIK BERBASIS WEB MULTIMEDIA,"SISTEM INFORMASI DAN REKAYASA PERANGKAT LUNAK",SIRPL
12,Sistem Prediksi Pemenang Piala Dunia 2010 dengan Metode Electre III berbasis WEB,"SISTEM INFORMASI DAN REKAYASA PERANGKAT LUNAK",SIRPL
13,Sistem Informasi Berbasis Web dan  SMS Untuk Registrasi Produk Makanan dan Minuman Penentu Label Halal ,"SISTEM INFORMASI DAN REKAYASA PERANGKAT LUNAK",SIRPL
14,Aplikasi Perhitungan Zakat Pada Perangkat Mobile Dengan Menggunakan J2ME,"SISTEM INFORMASI DAN REKAYASA PERANGKAT LUNAK",SIRPL
15,SISTEM INFORMASI BALAI LABORATORIUM KESEHATAN YOGYAKARTA BERBASIS SMS,"SISTEM INFORMASI DAN REKAYASA PERANGKAT LUNAK",SIRPL
16,Sistem Pendukung Keputusan Pemilihan Program Studi Perguruan Tinggi Swasta di Yogyakarta dengan metode SAW berbasis Web,"SISTEM INFORMASI DAN REKAYASA PERANGKAT LUNAK",SIRPL
17,Sistem Pendukung Keputusan Pemilihan Program Studi Perguruan Tinggi Swasta di Yogyakarta dengan metode SAW berbasis Web,"SISTEM INFORMASI DAN REKAYASA PERANGKAT LUNAK",SIRPL
18,Aplikasi Business Intelligent  studi kasus SMK Muhammadiyah Pakem,"SISTEM INFORMASI DAN REKAYASA PERANGKAT LUNAK",SIRPL
19,Sistem Prediksi Pemenang Piala Dunia 2010 dengan Metode Electre III berbasis WEB.,"SISTEM INFORMASI DAN REKAYASA PERANGKAT LUNAK",SIRPL
20,Optimalisasi Distribusi Pupuk di Kota Purwokerto,"SISTEM INFORMASI DAN REKAYASA PERANGKAT LUNAK",SIRPL
21,Sistem Informasi Pendaftaran Siswa baru berbasis WEB dan SMS SD Muhammadiyah Plus Mojokerto,"SISTEM INFORMASI DAN REKAYASA PERANGKAT LUNAK",SIRPL
22,Sistem Informasi Pelayanan Kesehatan Bagi Pasien Keluarga Tidak Mampu.,"SISTEM INFORMASI DAN REKAYASA PERANGKAT LUNAK",SIRPL
23,Sistem Informasi Pemeringkatan Siswa SMP dan Sistem Penerimaan Siswa SMA di Kabupaten Tuban Secara On line,"SISTEM INFORMASI DAN REKAYASA PERANGKAT LUNAK",SIRPL
24,Rancang Bangun Sistem Informasi Perencanaan Kapasitas Produksi di PT Unilever Indonesia dengan Menggunakan Rough Cut Capacity Planning ,"SISTEM INFORMASI DAN REKAYASA PERANGKAT LUNAK",SIRPL
25,Sistem Informasi Layanan SMS Menggunakan SMS Gateway dan Web Service,"SISTEM INFORMASI DAN REKAYASA PERANGKAT LUNAK",SIRPL
26,Sistem Informasi Orange Modelling Hobby Shop sebagai Media Informasi dan Media Penjualan Online.,"SISTEM INFORMASI DAN REKAYASA PERANGKAT LUNAK",SIRPL
27,Sistem Informasi Pelayanan Kesehatan Bagi Pasien Keluarga Tidak Mampu.,"SISTEM INFORMASI DAN REKAYASA PERANGKAT LUNAK",SIRPL
28,Sistem Informasi Evaluasi dan Penilaian Siswa Berbasis WEB Dengan Metode Pemrograman MVC di SMP Negeri 1 Solo,"SISTEM INFORMASI DAN REKAYASA PERANGKAT LUNAK",SIRPL
29,Sistem Informasi Pemeringkatan Siswa SMP dan Sistem Penerimaan Siswa SMA di Kabupaten Tuban Secara On line,"SISTEM INFORMASI DAN REKAYASA PERANGKAT LUNAK",SIRPL
30,Sistem Informasi Catalog Tourism Berbasis Web dengan Menggunakan Metode Data Mining pada Mesin Pencarian Data Base.,"SISTEM INFORMASI DAN REKAYASA PERANGKAT LUNAK",SIRPL
31,Optimalisasi Penjadwalan Bimbingan Belajar Privat (Studi Kasus di Lembaga Bimbel PRIVASI),"SISTEM INFORMASI DAN REKAYASA PERANGKAT LUNAK",SIRPL
32,"PERANCANGAN DAN IMPLEMENTASI SISTEM ADMINISTRASI TERINTEGRASI DI PUSKESMAS (Studi Kasus Puskesmas Parakan, Kabupaten Temanggung)","SISTEM INFORMASI DAN REKAYASA PERANGKAT LUNAK",SIRPL
33,Aplikasi Sistem Pakar Untuk Mendiagnosa Penyakit Pencernaan Pada Manusia Serta Solusinya,"SISTEM INFORMASI DAN REKAYASA PERANGKAT LUNAK",SIRPL
34,SISTEM INFORMASI PERIKLANAN USAHA KECIL MENENGAH(UKM)  “IKLANKU INDONESIA” BERBASIS WEB ,"SISTEM INFORMASI DAN REKAYASA PERANGKAT LUNAK",SIRPL
35,Pamanaka - Sistem Informasi Papan Pengumuman Akademik Online UII,"SISTEM INFORMASI DAN REKAYASA PERANGKAT LUNAK",SIRPL
36,Sistem Pendukung Keputusan Penentuan Guru Berprestasi dengan metode TOPSIS (Studi Kasus Dinas Pendidikan Kab.Tuban),"SISTEM INFORMASI DAN REKAYASA PERANGKAT LUNAK",SIRPL
37,Aplikasi Berbasis Multimedia pada Sistem Informasi Geografis Untuk Pariwisata di Kabupaten Batang,"SISTEM INFORMASI DAN REKAYASA PERANGKAT LUNAK",SIRPL
38,Pengembangan Aplikasi Tuntunan Sholat Sunnah Menggunakan J2ME,"SISTEM INFORMASI DAN REKAYASA PERANGKAT LUNAK",SIRPL
39,Aplikasi Mobile MIMS Drug Info Menggunakan J2ME,"SISTEM INFORMASI DAN REKAYASA PERANGKAT LUNAK",SIRPL
40,Membuat Aplikasi Sistem Informasi Geografis Pariwisata di Kabupaten Batang Dengan Java,"SISTEM INFORMASI DAN REKAYASA PERANGKAT LUNAK",SIRPL
41,Perancangan dan Implementasi Periklanan usaha kecil menengah(UKM) IKLANKU INDONESIA berbasis web,"SISTEM INFORMASI DAN REKAYASA PERANGKAT LUNAK",SIRPL
42,SISTEM INFORMASI MANAJEMEN TENAGA KERJA,"SISTEM INFORMASI DAN REKAYASA PERANGKAT LUNAK",SIRPL
43,Perancangan Sistem Informasi Hotel,"SISTEM INFORMASI DAN REKAYASA PERANGKAT LUNAK",SIRPL
44,PENGADAAN PORTAL E-Commerce untuk agro bisnis berbasis web,"SISTEM INFORMASI DAN REKAYASA PERANGKAT LUNAK",SIRPL
45,PERANGKAT LUNAK PENGELOLAAN DATA INVENTORY COUNTER HP DI NUANSA CELLULAR,"SISTEM INFORMASI DAN REKAYASA PERANGKAT LUNAK",SIRPL
46,Analisis dan Pembuatan Sistem Informasi Frontoffice pada Hotel,"SISTEM INFORMASI DAN REKAYASA PERANGKAT LUNAK",SIRPL
47,"Aplikasi Sistem Informasi Geografi (SIG) Berbasis WEB untuk Arahan Prioritas Reklamasi Lahan Penambangan Batu Gamping (Studi Kasus di Desa Kenteng, Kecamatan Ponjong, kabupaten Gunung Kidul, DIY)","SISTEM INFORMASI DAN REKAYASA PERANGKAT LUNAK",SIRPL
48,Tugas Akhir dalam bentuk Nonskripsi,"SISTEM INFORMASI DAN REKAYASA PERANGKAT LUNAK",SIRPL
49,Sistem informasi Quran-Online untuk mempermudah pembelajaran dan diskusi menggunakan Al-Quran secara online,"SISTEM INFORMASI DAN REKAYASA PERANGKAT LUNAK",SIRPL
50,Sistem Informasi Geografis Pemetaan dan Analisa Pertanian di Kabupaten Gunung Kidul Berbasis Web,"SISTEM INFORMASI DAN REKAYASA PERANGKAT LUNAK",SIRPL
51,Sistem Informasi Geografis Sekolah Menengah di Kotamadya Semarang Berbasis Web,"SISTEM INFORMASI DAN REKAYASA PERANGKAT LUNAK",SIRPL
52,Analisis Korelasi Hubungan Antara Implementasi E-Government dengan Tingkat Pendapatan dan Pelayanan Umum,"SISTEM INFORMASI DAN REKAYASA PERANGKAT LUNAK",SIRPL
53,Sistem Informasi Geografis Untuk Pemetaan Transportasi dan Pelayanan Publik di Kota Kudus,"SISTEM INFORMASI DAN REKAYASA PERANGKAT LUNAK",SIRPL
54,SISTEM INFORMASI AKADEMIK DAN PENERIMAAN SISWA BARU BERBASIS WEB (Study kasus: SMK Bina Karya 2 Karang Anyar Kebumen Jawa Tengah),"SISTEM INFORMASI DAN REKAYASA PERANGKAT LUNAK",SIRPL
55,Sistem Informasi Orange Hobby Shop dan Aplikasi Pembelian Menggunakan Layanan SMS Sebagai Pendukung Sistem Informasi Orange Hobby Shop. (Study Kasus Orange Hobby Shop),"SISTEM INFORMASI DAN REKAYASA PERANGKAT LUNAK",SIRPL
56,ANALISIS DAN PERANCANGAN E- TICKETING KERETA API,"SISTEM INFORMASI DAN REKAYASA PERANGKAT LUNAK",SIRPL
57,B2B E-COMMERCE PADA PERUSAHAAN CONSUMERS GOODS,"SISTEM INFORMASI DAN REKAYASA PERANGKAT LUNAK",SIRPL
58,Perancangan Sistem Informasi Food and Beverage pada Hotel Cokro Yogyakarta,"SISTEM INFORMASI DAN REKAYASA PERANGKAT LUNAK",SIRPL
59,IMPLEMENTASI ALGORITMA RC6 UNTUK ENKRIPSI SMS,"SISTEM INFORMASI DAN REKAYASA PERANGKAT LUNAK",SIRPL
60,PERANCANGAN SISTEM PAKAR UNTUK DIAGNOSIS KERUSAKAN HARDWARE LAPTOP MENGGUNAKAN VISUAL BASIC 6.0,"SISTEM INFORMASI DAN REKAYASA PERANGKAT LUNAK",SIRPL
61,MEMBANGUN APLIKASI TERJEMAH AL-QUR’AN 30 JUZZ PADA PERANGKAT ANDROID,"SISTEM INFORMASI DAN REKAYASA PERANGKAT LUNAK",SIRPL
62,Aplikasi Reminder Perubahan Jadwal Mata Kuliah,"SISTEM INFORMASI DAN REKAYASA PERANGKAT LUNAK",SIRPL
63,APLIKASI SMS REMINDER PADA ANDROID,"SISTEM INFORMASI DAN REKAYASA PERANGKAT LUNAK",SIRPL
64,Aplikasi SMS Gateway Pengecekan Validasi Kendaraan Bermotor,"SISTEM INFORMASI DAN REKAYASA PERANGKAT LUNAK",SIRPL
65,Sistem Informasi Interaksi Obat,"SISTEM INFORMASI DAN REKAYASA PERANGKAT LUNAK",SIRPL
66,ANALISIS DAN PERANCANGAN E-TICKETING KERETA API II,"SISTEM INFORMASI DAN REKAYASA PERANGKAT LUNAK",SIRPL
67,MEMBANGUN SISTEM INFORMASI AKADEMIK BERBASIS WEB MENGGUNAKAN FRAMEWORK CODEIGNITER (Study kasus :SMA Darul Ulum 2 Unggulan BPPT RSBI Jombang)),"SISTEM INFORMASI DAN REKAYASA PERANGKAT LUNAK",SIRPL
68,Sistem Informasi Manejeman Keuangan BMT Syariah,"SISTEM INFORMASI DAN REKAYASA PERANGKAT LUNAK",SIRPL
69,Membangun Website Forum Diskusi Pendidikan Menggunakan AJAX,"SISTEM INFORMASI DAN REKAYASA PERANGKAT LUNAK",SIRPL
70,Perancangan Sistem Informasi Food and Beverage pada Hotel Cokro Yogyakarta,"SISTEM INFORMASI DAN REKAYASA PERANGKAT LUNAK",SIRPL
71,Sistem Informasi Geografis pariwisata kabupaten bantul berbasis web,"SISTEM INFORMASI DAN REKAYASA PERANGKAT LUNAK",SIRPL
72,Sistem Informasi Geografis Sekolah untuk penentuan tata letak Sekolah di Kabupaten Sleman Berbasis Web,"SISTEM INFORMASI DAN REKAYASA PERANGKAT LUNAK",SIRPL
73,Sistem Informasi Manejeman Keuangan Syariah di BMT Marhamah Wonosobo,"SISTEM INFORMASI DAN REKAYASA PERANGKAT LUNAK",SIRPL
74,Sisitem informasi geografi pencarian rute objek pariwisata dan fasilitas pendukung di kabupaten Bantul,"SISTEM INFORMASI DAN REKAYASA PERANGKAT LUNAK",SIRPL
75,Sistem Informasi Maintenance ( Studi Kasus Kementrian Lingkungan Hidup Regional Jawa )  ,"SISTEM INFORMASI DAN REKAYASA PERANGKAT LUNAK",SIRPL
76,sistem informasi manajemen proyek,"SISTEM INFORMASI DAN REKAYASA PERANGKAT LUNAK",SIRPL
77,"STUDI PERBANDINGAN ALGORITMA RSA, BLOWFISH DAN XTEA UNTUK ENKRIPSI SMS","SISTEM INFORMASI DAN REKAYASA PERANGKAT LUNAK",SIRPL
78,Pengembangan Aplikasi Radio Internet (Studi Kasus Radio UNISI),"SISTEM INFORMASI DAN REKAYASA PERANGKAT LUNAK",SIRPL
79,Sistem Informasi Geografis untuk penentuan Sekolah terbaik berdasarkan Fuzzy Database Model Tahani di Kabupaten Sleman,"SISTEM INFORMASI DAN REKAYASA PERANGKAT LUNAK",SIRPL
80,Pengembangan Aplikasi Radio Internet Komunitas Informatika UII,"SISTEM INFORMASI DAN REKAYASA PERANGKAT LUNAK",SIRPL
81,Sistem Informasi Pariwisata Terpadu Sumatera Barat,"SISTEM INFORMASI DAN REKAYASA PERANGKAT LUNAK",SIRPL
82,Penerapan Object Oriented Database(Db4O) dalam perancangan Object Oriented Software Enginerring(Studi kasus : Aplikasi Penerjemah Multi Bahasa).,"SISTEM INFORMASI DAN REKAYASA PERANGKAT LUNAK",SIRPL
83,Aplikasi Pendukung Keputusan Untuk Penyewaan Studio Musik,"SISTEM INFORMASI DAN REKAYASA PERANGKAT LUNAK",SIRPL
84,Sistem Informasi Manajemen Karyasiswa dan Pelatihan SDM UII menggunakan framework codeigniter,"SISTEM INFORMASI DAN REKAYASA PERANGKAT LUNAK",SIRPL
85,Sistem Informasi Geografis Pendukung Penentuan Daerah Rawan Banjir (Studi Kasus Kota Jakarta),"SISTEM INFORMASI DAN REKAYASA PERANGKAT LUNAK",SIRPL
86,"SISTEM INFORMASI MANAJEMEN INVENTORY DAN PERAWATAN PERALATAN PERKANTORAN  ( Studi Kasus Pada Kantor BKD Pemerintahan Kabupaten Empat Lawang, Sumatra Selatan). ","SISTEM INFORMASI DAN REKAYASA PERANGKAT LUNAK",SIRPL
87,Aplikasi Pendukung Keputusan Berbasis Aturan Untuk Penentuan Menu Makanan Harian bagi Pasien Rawat Inap,"SISTEM INFORMASI DAN REKAYASA PERANGKAT LUNAK",SIRPL
88,Pengembangan Aplikasi Pengelolaan Program Siaran Radio Internet Komunitas Informatika UII,"SISTEM INFORMASI DAN REKAYASA PERANGKAT LUNAK",SIRPL
89,Aplikasi SMS gateway pengaduan gangguan listrik dan informasi pemadaman,"SISTEM INFORMASI DAN REKAYASA PERANGKAT LUNAK",SIRPL
90,Sistem Informasi Geografis untuk penentuan Sekolah terbaik menggunakan Fuzzy Database model Tahani di Kabupaten Sleman,"SISTEM INFORMASI DAN REKAYASA PERANGKAT LUNAK",SIRPL
91,Sistem Informasi Eksekutif CV.Visitech Global,"SISTEM INFORMASI DAN REKAYASA PERANGKAT LUNAK",SIRPL
92,Sistem Informasi Eksekutif pada Warnet (Studi Kasus: Paradise.net),"SISTEM INFORMASI DAN REKAYASA PERANGKAT LUNAK",SIRPL
93,PEMETAAN SEBARAN UKM SEKTOR KERAJINAN DAN MAKANAN DI KABUPATEN SLEMAN BERBASIS SISTEM INFORMASI GEOGRAFIS,"SISTEM INFORMASI DAN REKAYASA PERANGKAT LUNAK",SIRPL
94,"Sistem Informasi Pengaturan Buku Perpustakaan Berdasarkan Frekuensi Peminjaman dengan Menggunakan Metode Market Basket Analysis  (Studi Kasus pada Perpustakaan Fakultas Teknologi Industri,Universitas Islam Indonesia)","SISTEM INFORMASI DAN REKAYASA PERANGKAT LUNAK",SIRPL
95,Aplikasi Berbasis Web Service Untuk Layanan Perawatan Kendaraan,"SISTEM INFORMASI DAN REKAYASA PERANGKAT LUNAK",SIRPL
96,SISTEM APLIKASI PENGAJUAN DAN PEMBAYARAN IJIN MENDIRIKAN BANGUNAN ( IMB ) DI KABUPATEN TEMANGGUNG,"SISTEM INFORMASI DAN REKAYASA PERANGKAT LUNAK",SIRPL
97,Sistem Informasi Layanan keluhan pegawai berbasis aplikasi web dan mobile sms (studi kasus di pusdiklat migas Cepu),"SISTEM INFORMASI DAN REKAYASA PERANGKAT LUNAK",SIRPL
98,MEMBANGUN MEDIA BANTU PENGAMBILAN KEPUTUSAN MENGGUNAKAN METODE PLUS MINUS INTERESTING,"SISTEM INFORMASI DAN REKAYASA PERANGKAT LUNAK",SIRPL
99,Aplikasi Penentuan Harga Pemasangan Keramik Menggunakan Logika Fuzzy di PT. Kamara Artha Kencana,"SISTEM INFORMASI DAN REKAYASA PERANGKAT LUNAK",SIRPL
100,Study Usability Situs Web E-Goverment di Lima Kabupaten Propinsi DIY,"SISTEM INFORMASI DAN REKAYASA PERANGKAT LUNAK",SIRPL
101,Sistem Interaktif e commerce dengan konsep C2C,"SISTEM INFORMASI DAN REKAYASA PERANGKAT LUNAK",SIRPL
102,Pemakaian Printer Yang Dilengkapi Scanner Sebagai OMR Menggunakan Bahasa Borland Delphi 7,"SISTEM INFORMASI DAN REKAYASA PERANGKAT LUNAK",SIRPL
103,ANALISIS DAN PERANCANGAN WEB SISTEM INFORMASI GEOGRAFIS BALAI DIKLAT INDUSTRI REGIONAL IV YOGYAKARTA,"SISTEM INFORMASI DAN REKAYASA PERANGKAT LUNAK",SIRPL
104,"Aplikasi Manajemen Profil Kelompok Petani dan Petugas Penyuluh Pertanian (Studi Kasus Pada Sub Dinas Pertanian - Dinas Pertanian, Perikanan dan Kehutanan Pemerintah Kabupaten Sleman DIY).","SISTEM INFORMASI DAN REKAYASA PERANGKAT LUNAK",SIRPL
105,Aplikasi Pencarian Koleksi Buku di Perpustakaan Menggunakan SMS,"SISTEM INFORMASI DAN REKAYASA PERANGKAT LUNAK",SIRPL
106,Web Aggregator Berita,"SISTEM INFORMASI DAN REKAYASA PERANGKAT LUNAK",SIRPL
107,"MEMBANGUN APLIKASI ANALISIS PERGERAKAN NILAI SAHAM DENGAN METODE MOVING AVERAGE, OSCILLATOR dan MOMENTUM","SISTEM INFORMASI DAN REKAYASA PERANGKAT LUNAK",SIRPL
108,Studi usability E-news dan blog’s,"SISTEM INFORMASI DAN REKAYASA PERANGKAT LUNAK",SIRPL
109,Sistem Informasi Manajemen Klinik Gigi,"SISTEM INFORMASI DAN REKAYASA PERANGKAT LUNAK",SIRPL
110,Rancang Bangun Aplikasi Meeting Management,"SISTEM INFORMASI DAN REKAYASA PERANGKAT LUNAK",SIRPL
111,Rancang Bangun Aplikasi Bioritmik Berbasis iPhone,"SISTEM INFORMASI DAN REKAYASA PERANGKAT LUNAK",SIRPL
112,Aplikasi Drum Pad Pada Mobile Phone Berbasis Sistem Operasi Android ,"SISTEM INFORMASI DAN REKAYASA PERANGKAT LUNAK",SIRPL
113,Aplikasi Peta Digital Wisata Kuliner Jogjakarta Pada Platform Sistem Operasi Android,"SISTEM INFORMASI DAN REKAYASA PERANGKAT LUNAK",SIRPL
114,Sistem Informasi Administrasi dan Akademik Sekolah Berbasis WEB ( Studi Kasus Pada SMA Negeri 1 Candimulyo Kabupaten Magelang),"SISTEM INFORMASI DAN REKAYASA PERANGKAT LUNAK",SIRPL
115,SISTEM INFORMASI EFEK SAMPING OBAT PADA PENDERITA PENYAKIT TUBERKULOSIS,"SISTEM INFORMASI DAN REKAYASA PERANGKAT LUNAK",SIRPL
116,Sistem Informasi Geografis Daerah Rawan Banjir Dan Pencarian Rute Terpendek Untuk Evakuasi Banjir Menggunakan Algoritma Dijkstra ( studi kasus kota Bekasi ),"SISTEM INFORMASI DAN REKAYASA PERANGKAT LUNAK",SIRPL
117,Sistem Informasi Manajemen Farmasi Rumah Sakit ,"SISTEM INFORMASI DAN REKAYASA PERANGKAT LUNAK",SIRPL
118,PEMBELAJARAN INTERACTIVE MENGGUNAKAN ADOBE CAPTIVATE UNTUK MATERI GRAF,"SISTEM INFORMASI DAN REKAYASA PERANGKAT LUNAK",SIRPL
119,  ,"SISTEM INFORMASI DAN REKAYASA PERANGKAT LUNAK",SIRPL
120,Sistem Informasi Manajemen Rumah Sakit Rawat Jalan Radiologi,"SISTEM INFORMASI DAN REKAYASA PERANGKAT LUNAK",SIRPL
121,Sistem Informasi Akademik dan Rencana Akademik Semester Online Berbasis Web Untuk Meningkatkan Layanan Akademik Pada Program Pascasarjana Teknik Geologi Fakultas Teknik Universitas Gadjah Mada,"SISTEM INFORMASI DAN REKAYASA PERANGKAT LUNAK",SIRPL
122,Sistem Informasi Manajemen Radiologi,"SISTEM INFORMASI DAN REKAYASA PERANGKAT LUNAK",SIRPL
123,non programmning : analisis sosial media online sebagai media bisnis,"SISTEM INFORMASI DAN REKAYASA PERANGKAT LUNAK",SIRPL
124,Sistem Informasi Akademik dan Rencana Akademik Semester Online Berbasis Web Untuk Meningkatkan Layanan Akademik Pada Program Pascasarjana Teknik Geologi Fakultas Teknik Universitas Gadjah Mada,"SISTEM INFORMASI DAN REKAYASA PERANGKAT LUNAK",SIRPL
125,Sistem Informasi Pencegahan dan Penanganan Bencana,"SISTEM INFORMASI DAN REKAYASA PERANGKAT LUNAK",SIRPL
126,Membangun Sistem Informasi Cyberschool Berbasis Multi Content Management System Studi Kasus di Komuri Intermedia - Yogyakarta,"SISTEM INFORMASI DAN REKAYASA PERANGKAT LUNAK",SIRPL
127,SISTEM INFORMASI MANAJEMEN PRODUKSI ACARA (STUDI KASUS STASIUN TVRI YOGYAKARTA),"SISTEM INFORMASI DAN REKAYASA PERANGKAT LUNAK",SIRPL
128,Perancangan Sistem Informasi Geografis Pariwisata Pulau Bintan berbasis Web,"SISTEM INFORMASI DAN REKAYASA PERANGKAT LUNAK",SIRPL
129,"Sistem Informasi Pajak Penghasilan (PPh) Studi Kasus Kantor Pelayanan Penyuluhan dan Konsultasi Pajak (KP2KP) Sukamara, Kalimantan Tengah.","SISTEM INFORMASI DAN REKAYASA PERANGKAT LUNAK",SIRPL
130,SISTEM INFORMASI ENTERPRISE UNTUK MENDUKUNG IMPLEMENTASI MANAJEMEN BERBASIS SEKOLAH (Studi kasus pada SMA Negeri 1 Candimulyo Kabupaten Magelang),"SISTEM INFORMASI DAN REKAYASA PERANGKAT LUNAK",SIRPL
131,Analisa Tingkat Kesiapan Implementasi E-Learning di SMA NEGERI se-kota Yogyakarta Menggunakan Aplikasi Model Pengukuran E-Learning Readiness Index (eLRI) Sebagai Alat Evaluasi,"SISTEM INFORMASI DAN REKAYASA PERANGKAT LUNAK",SIRPL
132,"Sistem Informasi Peramalan dan Pengendalian Produksi Gula Dikaitkan Dengan Target Pendapatan Pada Pabrik Gula Madukismo Bantul, Yogyakarta","SISTEM INFORMASI DAN REKAYASA PERANGKAT LUNAK",SIRPL
133,Analisis dan perancangan sistem penjualan dan pemesanan berbasis internet pada cv.aslam Yogyakarta,"SISTEM INFORMASI DAN REKAYASA PERANGKAT LUNAK",SIRPL
134,Pengembangan Aplikasi CRM (Customer Relationship Management) Sebagai Penunjang Strategi Bisnis Distro,"SISTEM INFORMASI DAN REKAYASA PERANGKAT LUNAK",SIRPL
135,Sistem Pengelolaan Pesantrenisasi Mahasiswa UII (SPPM UII),"SISTEM INFORMASI DAN REKAYASA PERANGKAT LUNAK",SIRPL
136,Sistem Informasi Produksi dan Pariwisata di Pabrik Gula PTPN IX Persero,"SISTEM INFORMASI DAN REKAYASA PERANGKAT LUNAK",SIRPL
137,ANALISIS DAN PERANCANGAN APLIKASI VIRTUAL TOUR PABRIK GULA GONDANG BARU BERBASIS MULTIMEDIA ,"SISTEM INFORMASI DAN REKAYASA PERANGKAT LUNAK",SIRPL
138,Rancang Bangun Sistem Informasi Akademik Berbasis Web pada Sekolah Menengah Atas,"SISTEM INFORMASI DAN REKAYASA PERANGKAT LUNAK",SIRPL
139,Prototipe Business Intelligence Manajemen Rumah Sakit,"SISTEM INFORMASI DAN REKAYASA PERANGKAT LUNAK",SIRPL
140,Membangun Aplikasi M-Commerce memanfaatkan layanan web service(JSON dan SOAP) pada Blackberry,"SISTEM INFORMASI DAN REKAYASA PERANGKAT LUNAK",SIRPL
141,Sistem Informasi Sertifikasi Tenaga Teknis Pengelolaan Hutan Produksi Lestari,"SISTEM INFORMASI DAN REKAYASA PERANGKAT LUNAK",SIRPL
142,SISTEM INFORMASI EKSEKUTIF  LAPORAN GANGGUAN TELPON DAN SPEEDY  PT. TELKOM STO KARANGANYAR,"SISTEM INFORMASI DAN REKAYASA PERANGKAT LUNAK",SIRPL
143,Sistem Informasi Anggaran Dana BOS Untuk Sekolah Dasar (Studi Kasus : SD Muhammadiyah Plus Mojokerto),"SISTEM INFORMASI DAN REKAYASA PERANGKAT LUNAK",SIRPL
144,Sistem Informasi Produksi Pabrik Gula PTPN IX Persero (Studi Kasus PG Mojo),"SISTEM INFORMASI DAN REKAYASA PERANGKAT LUNAK",SIRPL
145,Sistem Informasi otomatisasi laporan dan inventaris barang TVRI Jogjakarta ( Studi kasus TVRI Jogjakarta),"SISTEM INFORMASI DAN REKAYASA PERANGKAT LUNAK",SIRPL
146,Rancang  Bangun Aplikasi Islamic Personal Information Management (IPIM) berbasis iPhone,"SISTEM INFORMASI DAN REKAYASA PERANGKAT LUNAK",SIRPL
147,Pengembangan Aplikasi CRM (Customer Relationship Management) Sebagai Penunjang Strategi Bisnis Distro,"SISTEM INFORMASI DAN REKAYASA PERANGKAT LUNAK",SIRPL
148,Sistem Informasi Eksekutif CV. Amanah Riau,"SISTEM INFORMASI DAN REKAYASA PERANGKAT LUNAK",SIRPL
149,Sistem Pendukung Keputusan Perawatan Hamster Menggunakan Pohon Keputusan Berbasis Web,"SISTEM INFORMASI DAN REKAYASA PERANGKAT LUNAK",SIRPL
150,Sistem Informasi Manajemen Pariwisata Tegal,"SISTEM INFORMASI DAN REKAYASA PERANGKAT LUNAK",SIRPL
151,RANCANG BANGUN SISTEM INFORMASI PEMESANAN TIKET BERBASIS WEB PADA BINTANG TOUR & TRAVEL,"SISTEM INFORMASI DAN REKAYASA PERANGKAT LUNAK",SIRPL
152,Sistem Informasi Manajemen Sekolah (Studi kasus pada SMA Negeri 1 Candimulyo Kabupaten Magelang),"SISTEM INFORMASI DAN REKAYASA PERANGKAT LUNAK",SIRPL
153,Aplikasi Distribusi Batik Menggunakan Metode Transportasi,"SISTEM INFORMASI DAN REKAYASA PERANGKAT LUNAK",SIRPL
154,Sistem Informasi Sumber Daya Manusia,"SISTEM INFORMASI DAN REKAYASA PERANGKAT LUNAK",SIRPL
155,Sistem Informasi Manajemen Berbasis Web untuk Perusahaan Jasa Klinik dan Perawatan Hewan (vet & groom),"SISTEM INFORMASI DAN REKAYASA PERANGKAT LUNAK",SIRPL
156,Sistem Informasi Geografis Pariwisata Yogyakarta,"SISTEM INFORMASI DAN REKAYASA PERANGKAT LUNAK",SIRPL
256,Alat Bantu Ajar Matematika Akhlak Untuk Anak-anak,"GRAFIKA DAN MULTIMEDIA",GFMD
257,Buku pintar dwi bahasa berbasis multimedia tentang kenampakan alam dan keadaan sosial budaya negara-negara Asia Tenggara ,"GRAFIKA DAN MULTIMEDIA",GFMD
258,Aplikasi Berbasis Multimedia Untuk Seleksi Penerimaan Siswa Baru di “SD Muhammadiyah Plus Mojokerto” ,"GRAFIKA DAN MULTIMEDIA",GFMD
259,Company Profille Berbasis Multimedia Menggunakan Visualisasi 3D (Studi Kasus Pada Revenge Terror Clothing Company)  ,"GRAFIKA DAN MULTIMEDIA",GFMD
260,Pemanfaatan Metode Tiling Game Flash untuk Pengenalan Kampus UII Terpadu,"GRAFIKA DAN MULTIMEDIA",GFMD
261,Simulasi Berbasis Multimedia Untuk Rangkaian Listrik,"GRAFIKA DAN MULTIMEDIA",GFMD
262,VISUALISASI 3 DIMENSI ANATOMI GIGI DAN GANGGUAN UMUM YANG TERJADI PADA GIGI ,"GRAFIKA DAN MULTIMEDIA",GFMD
263,SISTEM INFORASI GALERY DESIGN BERBASIS WEB,"GRAFIKA DAN MULTIMEDIA",GFMD
264,Perancangan Game Action Peperangan Berbasis 3D FPS(First Person Shooter) Menggunakan FPSCreator v1.16 ,"GRAFIKA DAN MULTIMEDIA",GFMD
265,Simulasi Permainan Dakon berbasis multimedia,"GRAFIKA DAN MULTIMEDIA",GFMD
266,VISUALISASI ARSITEKTURAL 3D INTERAKTIF MONUMEN JOGJA KEMBALI,"GRAFIKA DAN MULTIMEDIA",GFMD
267,Rancang Bangun Rumah Sakit Virtual Study Kasus RS. KARTINI JEPARA,"GRAFIKA DAN MULTIMEDIA",GFMD
268,Suling Bambu Virtual dengan Hardware Kontroler,"GRAFIKA DAN MULTIMEDIA",GFMD
269,Penyusunan Learning Object pada Computer-Assisted Instruction Sistem Pernafasan ,"GRAFIKA DAN MULTIMEDIA",GFMD
270,Visualisasi 3D Gerakan Shalat Wajib sebagai Alat Bantu Ajar Siswa Sekolah Dasar ,"GRAFIKA DAN MULTIMEDIA",GFMD
271,Rancang Bangun Game Labirin 3d Menggunakan Unity,"GRAFIKA DAN MULTIMEDIA",GFMD
272,Sistem Multimedia Tentang Cara Bertahan Hidup di Hutan Sebagai Alat Bantu Ajar Anggota Pecinta Alam Tingkat Pemula,"GRAFIKA DAN MULTIMEDIA",GFMD
273,Rancang Bangun Perangkat Lunak untuk Permainan IGO ( catur cina ).,"GRAFIKA DAN MULTIMEDIA",GFMD
274,Game Suling Bambu Digital Menggunakan Hardware Kontroler,"GRAFIKA DAN MULTIMEDIA",GFMD
275,Virtual Drum Berbasis Multimedia,"GRAFIKA DAN MULTIMEDIA",GFMD
276,Visualisasi 3D Gerakan Pengatur Lalulintas sebagai Alat Bantu Sosialisasi kepada Pengguna Kendaraan Bermotor,"GRAFIKA DAN MULTIMEDIA",GFMD
277,Visualisasi 3D Praktek Gerakan Pencak Silat Sebagai Alat Bantu Ajar Dalam Mengenal Pencak Silat,"GRAFIKA DAN MULTIMEDIA",GFMD
278,Simulasi Pembelajaran Matematika Mengenai Bidang Beraturan Dan Tidak Beraturan Dan Perhitungan Rumus Dan Volumenya Dengan Metode Pendekatan Yang Familiar Pada Anak Usia SD.,"GRAFIKA DAN MULTIMEDIA",GFMD
279,PEMBELAJARAN DASAR BAHASA JEPANG,"GRAFIKA DAN MULTIMEDIA",GFMD
280,Simulasi 3D Sistem pencernaan pada manusia,"GRAFIKA DAN MULTIMEDIA",GFMD
281,Pengembangan Fasilitas Chatting untuk Game Multiplayer Berbasis Perangkat Mobile,"GRAFIKA DAN MULTIMEDIA",GFMD
282,VISUALISASI ARSITEKTURAL 3D INTERAKTIF MUSEUM GUNUNG MERAPI,"GRAFIKA DAN MULTIMEDIA",GFMD
283,teknik pembelajaran olahraga atletik kategori lompat berbasis multimedia,"GRAFIKA DAN MULTIMEDIA",GFMD
284,Implementasi Fungsi Heuristik dalam Pengambilan Keputusan untuk Mengumpan pada Game Basket,"GRAFIKA DAN MULTIMEDIA",GFMD
285,Visualisasi Arsitektur 3D Interaktif Museum Gunung Merapi,"GRAFIKA DAN MULTIMEDIA",GFMD
286,Simulasi Mekanika Fluida Dinamis Pada Rumus Fisika Berbasis Multimedia Interaktif Proses belajar mengajar telah mengalami kemajuan pesat belakangan ini. Salah satu bentuk dari kemajuan tersebut adalah maraknya penggunaan multimedia sebagai alat bantu,"GRAFIKA DAN MULTIMEDIA",GFMD
287,teknik pembelajaran olahraga atletik kategori lompat berbasis multimedia,"GRAFIKA DAN MULTIMEDIA",GFMD
288,Permodelan 3 dimensi anatomi tubuh manusia bagian leher dan kepala menggunakan teknik digital carving untuk aplikasi interaktif,"GRAFIKA DAN MULTIMEDIA",GFMD
289,Game Simulasi Memasak berbasis iPod Touch Untuk Memperkenalkan Masakan Indonesia,"GRAFIKA DAN MULTIMEDIA",GFMD
290,teknik pembelajaran olahraga atletik kategori lompat berbasis multimedia,"GRAFIKA DAN MULTIMEDIA",GFMD
291,Game Drum Digital Menggunakan Hardware Kontroler,"GRAFIKA DAN MULTIMEDIA",GFMD
292,KONTEN e-LEARNING MATA KULIAH JARINGAN KOMPUTER BERBASIS MULTIMEDIA,"GRAFIKA DAN MULTIMEDIA",GFMD
293,TUGAS AKHIR NON SKRIPSI,"GRAFIKA DAN MULTIMEDIA",GFMD
294,Simulasi pembelajaran invertebrata pada pelajaran biologi untuk SMA,"GRAFIKA DAN MULTIMEDIA",GFMD
295,Analisis dan Pembuatan Game Super Ninja,"GRAFIKA DAN MULTIMEDIA",GFMD
296,"Aplikasi Pengenalan Obat Alami dalam Buah, Rempah dan Sayuran Berbasis Multimedia","GRAFIKA DAN MULTIMEDIA",GFMD
297,Multimedia Informasi Atlas Berbasis Macromedia Flash,"GRAFIKA DAN MULTIMEDIA",GFMD
298,Aplikasi Game Ular Tangga EINSTEIN CHILD untuk meningkatkan Kemampuan Kognitif Anak,"GRAFIKA DAN MULTIMEDIA",GFMD
299,simulasi sistem pernafasan manusia berbasis 3D,"GRAFIKA DAN MULTIMEDIA",GFMD
300,Peta Digital Persebaran Satwa Di Dunia,"GRAFIKA DAN MULTIMEDIA",GFMD
301,"Aplikasi  pembelajaran pemasangan, penggunaan dan perawatan tabung gas elpiji Berbasis Multimedia","GRAFIKA DAN MULTIMEDIA",GFMD
302,Game Edukasi Waspada Gempa Bumi dan Penanggulangannya Berbasis Perangkat Bergerak.,"GRAFIKA DAN MULTIMEDIA",GFMD
303,Gim Serius Untuk  Edukasi Penggunaan Tabung Gas ELPIJI.,"GRAFIKA DAN MULTIMEDIA",GFMD
304,Serious Game Untuk Edukasi Dasar-dasar Audio Digital.,"GRAFIKA DAN MULTIMEDIA",GFMD
305,TUTORIAL REGISTRASI MAHASISWA BARU UII BERBASIS MULTIMEDIA,"GRAFIKA DAN MULTIMEDIA",GFMD
306,Pengembangan Virtual Kampus Berbasis Web Menggunakan Multi Foto 3D,"GRAFIKA DAN MULTIMEDIA",GFMD
307,Aplikasi Peta Rute Transjakarta Pada Mobile Device  Menggunakan Tekhnologi Flash Lite  ,"GRAFIKA DAN MULTIMEDIA",GFMD
308,Simulasi permainan kubus rubik 3x3 berbasis multimedia,"GRAFIKA DAN MULTIMEDIA",GFMD
309,simulasi sistem pernafasan manusia berbasis multimedia,"GRAFIKA DAN MULTIMEDIA",GFMD
310,SERIOUS GAME UNTUK EDUKASI DASAR-DASAR SINYAL VIDEO,"GRAFIKA DAN MULTIMEDIA",GFMD
311,Serious Game Untuk Edukasi Pencitraan Warna,"GRAFIKA DAN MULTIMEDIA",GFMD
312,Game Edukasi Pengenalan Bentuk dan Bangun Ruang Berbasis iPhone untuk Anak Sekolah Dasar Kelas 1,"GRAFIKA DAN MULTIMEDIA",GFMD
313,Belajar Bahasa Jawa Berbasis Macromedia Flash,"GRAFIKA DAN MULTIMEDIA",GFMD
314,Aplikasi Berbasis Multimedia Peta Digital Wisata Kuliner di Kota Yogyakarta,"GRAFIKA DAN MULTIMEDIA",GFMD
315,APLIKASI PEMBELAJARAN SISTEM GERAK TUBUH PADA MANUSIA UNTUK SISWA TINGKAT SMP BERBASIS MULTIMEDIA FLASH,"GRAFIKA DAN MULTIMEDIA",GFMD
316,Aplikasi Berbasis Multimedia Peta Digital Rental Kendaraan di Kota Yogyakarta,"GRAFIKA DAN MULTIMEDIA",GFMD
317,Aplikasi Game Puzzle Sudoku dengan Menerapkan Algoritma Backtracking Menggunakan Bahasa Pemprograman Visual Basic 6.0,"GRAFIKA DAN MULTIMEDIA",GFMD
318,aplikasi kurikulum akademik mata kuliah 2010 jurusan teknik informatika berbasis multimedia,"GRAFIKA DAN MULTIMEDIA",GFMD
319,Serious Game Untuk Edukasi Konpresi Citra.,"GRAFIKA DAN MULTIMEDIA",GFMD
320,Multimedia,"GRAFIKA DAN MULTIMEDIA",GFMD
321,Rancang Bangun Game Novel Visual Menggunakan Ren'Py V.6.11.1 ,"GRAFIKA DAN MULTIMEDIA",GFMD
322,Multimedia,"GRAFIKA DAN MULTIMEDIA",GFMD
323,Edukasi Pemanfaatan dan Fungsi (Pencegah Pemanasan Global) Ekosistem Hutan Berbasis Simulasi.,"GRAFIKA DAN MULTIMEDIA",GFMD
324,Game edukasi pencegahan dan penanganan demam berdarah berbasis simulasi,"GRAFIKA DAN MULTIMEDIA",GFMD
325,Aplikasi Virtual Reality pada Perpustakaan Fakultas Teknologi Industri Universitas Islam Indonesia,"GRAFIKA DAN MULTIMEDIA",GFMD
326,Multimedia Edukasi Perakitan Komputer Berbasis Simulasi 3D,"GRAFIKA DAN MULTIMEDIA",GFMD
327,Aplikasi Multimedia Pembelajaran Huruf Hiragana dan Katakana,"GRAFIKA DAN MULTIMEDIA",GFMD
328,Aplikasi Multimedia Pengenalan Hewan Untuk Anak TK,"GRAFIKA DAN MULTIMEDIA",GFMD
329,Belajar Bahasa Jawa Berbasis Multimedia,"GRAFIKA DAN MULTIMEDIA",GFMD
330,ALAT BANTU AJAR  SISTEM KERANGKA MANUSIA BERBASIS MULTIMEDIA 3D.,"GRAFIKA DAN MULTIMEDIA",GFMD
331,"Membangun Game Edukasi berbasis simulasi untuk Meningkatkan Kesadaran Perilaku Anti Korupsi, Kolusi dan Nepotisme (KKN).","GRAFIKA DAN MULTIMEDIA",GFMD
332,APLIKASI  PROSES METAMORFOSIS BERBASIS MULTIMEDIA,"GRAFIKA DAN MULTIMEDIA",GFMD
333,Game Edukasi Pengelolaan Sampah Berbasis Simulasi,"GRAFIKA DAN MULTIMEDIA",GFMD
334,Studi Usability Pada Situs Jejaring Sosial,"GRAFIKA DAN MULTIMEDIA",GFMD
335,Perancangan dan Pembuatan Media Pembelajaran Gitar Akustik bagi Pemula Secara Tutorial Dengan Bantuan Animasi,"GRAFIKA DAN MULTIMEDIA",GFMD
336,Simulasi multimedia pergerakan atau pergeseran gigi dari awal perawatan hingga ke hasil akhir perawatan menggunakan bracket atau kawat gigi berbasis 3D,"GRAFIKA DAN MULTIMEDIA",GFMD
337,Game Edukasi Peminimalisasian Jumlah Korban Tsunami Berbasis Simulasi,"GRAFIKA DAN MULTIMEDIA",GFMD
338,Animasi Partikel untuk Visualisasi Letusan Gunung Merapi,"GRAFIKA DAN MULTIMEDIA",GFMD
339,Aplikasi Virtual Gambang dengan Hardware Kontroler,"GRAFIKA DAN MULTIMEDIA",GFMD
340,Komparasi VGA Image Quality AMD dan Nvidia,"GRAFIKA DAN MULTIMEDIA",GFMD
341,Visualisasi 3D Museum Affandi Yogyakarta Berbasis Web Multimedia,"GRAFIKA DAN MULTIMEDIA",GFMD
342,Visualisasi 3D Aliran Lahar Dingin Merapi Di Yogyakarta,"GRAFIKA DAN MULTIMEDIA",GFMD
343,Ensiklopedia Sejarah Keistimewaan Yogyakarta Berbasis Multimedia,"GRAFIKA DAN MULTIMEDIA",GFMD
344,Tes Karakter Menurut Teori The Color Code Dengan Metode Permainan Visual Novel Berbasis Multimedia,"GRAFIKA DAN MULTIMEDIA",GFMD
345,Ensiklopedia Gunung Berapi di Kepualan  Indonesia Berbasis Peta Digital,"GRAFIKA DAN MULTIMEDIA",GFMD
346,Aplikasi Berbasis Multimedia Sebagai Sarana Penyampaian Informasi pada Masa Orientasi Siswa di SMA Muhammadiyah 1 Yogyakarta ,"GRAFIKA DAN MULTIMEDIA",GFMD
347,MULTIMEDIA,"GRAFIKA DAN MULTIMEDIA",GFMD
348,Implementasi pengenalan suara untuk aplikasi pengenalan huruf bagi anak usia dini,"GRAFIKA DAN MULTIMEDIA",GFMD
349,Game edukasi penyelamatan satwa berbasis multimedia.,"GRAFIKA DAN MULTIMEDIA",GFMD
350,Studi Usability Situs Internet Banking,"GRAFIKA DAN MULTIMEDIA",GFMD
351,“Aplikasi Game Tebak Gambar Bahasa Inggris Untuk Anak” ,"GRAFIKA DAN MULTIMEDIA",GFMD
352,Aplikasi Multimedia Game Pengenalan Benda-Benda Disekitar Rumah Kepada Anak,"GRAFIKA DAN MULTIMEDIA",GFMD
353,Aplikasi Alat Bantu Ajar Menghitung Invers Matriks Berbasis Multimedia,"GRAFIKA DAN MULTIMEDIA",GFMD
354,Desain Level Dinamis dalam Game Sudoku dengan Metode Backtracking pada Android,"GRAFIKA DAN MULTIMEDIA",GFMD
355,PENGENALAN 33 PROPINSI INDONESIA UNTUK ANAK SEKOLAH DASAR,"GRAFIKA DAN MULTIMEDIA",GFMD
356,Aplikasi Game Shooter Berbasis Sistem Operasi Android Menggunakan Interaksi Touchsreen,"GRAFIKA DAN MULTIMEDIA",GFMD
357,Aplikasi Alat Bantu Ajar Biologi Struktur Sel Hewan dan Sel Tumbuhan Berbasis Multimedia,"GRAFIKA DAN MULTIMEDIA",GFMD
358,Aplikasi Game 3D Petualangan Hamster pada OS Android menggunakan Unity,"GRAFIKA DAN MULTIMEDIA",GFMD
359,PEMBELAJARAN INTERACTIVE MENGGUNAKAN ADOBE CAPTIVATE UNTUK MATERI GRAF,"GRAFIKA DAN MULTIMEDIA",GFMD
360,Game Pengenalan Hewan Laut Untuk Anak Usia Dini Dengan Menggunakan Hardware Kontroler,"GRAFIKA DAN MULTIMEDIA",GFMD
361,Game Simulasi Pengendali Penerbangan,"GRAFIKA DAN MULTIMEDIA",GFMD
362,Simulasi 3D Proses Pembuatan dan Perakitan Reaktor Biogas.,"GRAFIKA DAN MULTIMEDIA",GFMD
363,Aplikasi Virtual Piano dengan Interaksi berbasis Perangkat Keras (Piano Similar),"GRAFIKA DAN MULTIMEDIA",GFMD
364,APLIKASI GAME MEMANCING DENGAN INTERAKSI BERBASIS PERANGKAT KERAS KENDALI,"GRAFIKA DAN MULTIMEDIA",GFMD
365, Pertunjukan Wayang Virtual Berbasis Multimedia,"GRAFIKA DAN MULTIMEDIA",GFMD
366,Aplikasi Alat Bantu Ajar Biologi Struktur Sel Hewan dan  Sel Tumbuhan  Berbasis Multimedia,"GRAFIKA DAN MULTIMEDIA",GFMD
367,Aplikasi Alat Bantu Ajar Struktur Dermatologi Manusia Berbasis Multimedia,"GRAFIKA DAN MULTIMEDIA",GFMD
368,aplikasi ensiklopedia anatomi lebah madu berbasis multimedia,"GRAFIKA DAN MULTIMEDIA",GFMD
369,Simulasi Proses dan Arah Aliran Pijat Refleksi berbasis Multimedia,"GRAFIKA DAN MULTIMEDIA",GFMD
370,Simulasi Pemasangan Alat Bantu Medis Berbasis Virtual 3D,"GRAFIKA DAN MULTIMEDIA",GFMD
371,Visualisasi gerakan sendi manusia berbasis 3D ,"GRAFIKA DAN MULTIMEDIA",GFMD
372,Aplikasi Pengenalan Obat Herbal Berbasis Multimedia,"GRAFIKA DAN MULTIMEDIA",GFMD
373,Aplikasi Game RPG Berbasis Controller PSP Pada Android,"GRAFIKA DAN MULTIMEDIA",GFMD
374,Aplikasi Tanya Jawab Soal-Soal IPA Persiapan UASBN (Ujian Akhir Sekolah Bertaraf Nasional) untuk SMP Berbasis Multimedia,"GRAFIKA DAN MULTIMEDIA",GFMD
375,Game Edukasi Pengenalan Agama Islam Sejak Dini,"GRAFIKA DAN MULTIMEDIA",GFMD
376,Alat Bantu Ajar Penyelesaian Sistem Persamaan Linear Menggunakan Metode Eliminasi Berbasis Multimedia,"GRAFIKA DAN MULTIMEDIA",GFMD
377,Non Skripsi,"GRAFIKA DAN MULTIMEDIA",GFMD
378,Penggunaan Logic Brick Pada Blender Dalam Pembuatan Game Block Breaker,"GRAFIKA DAN MULTIMEDIA",GFMD
379,Alat Bantu Ajar Penentuan Rute Terpendek Metode Dijkstra berbasis Multimedia,"GRAFIKA DAN MULTIMEDIA",GFMD
380,Aplikasi Pengenalan Gamelan berbasis Multimedia,"GRAFIKA DAN MULTIMEDIA",GFMD
381,Visulaisasi 3D Seni Tari Sekapur Sirih Daerah Jambi,"GRAFIKA DAN MULTIMEDIA",GFMD
382,Ensiklopedi Tokoh Pewanyangan Jawa Berbasis Flash,"GRAFIKA DAN MULTIMEDIA",GFMD
383,Simulasi 3D tarian sekapur sirih daerah jambi,"GRAFIKA DAN MULTIMEDIA",GFMD
384, Audiogames Pengenalan Bahasa Inggirs Dasar Untuk Visual Disability,"GRAFIKA DAN MULTIMEDIA",GFMD
385,3D Archery Game Menggunakan Logic Brick Pada Blender,"GRAFIKA DAN MULTIMEDIA",GFMD
386,Rancang bangun ruang huni pada game flash untuk tata kota hijau,"GRAFIKA DAN MULTIMEDIA",GFMD
387,Peta digital pariwisata kabupaten Jepara berbasis multimedia,"GRAFIKA DAN MULTIMEDIA",GFMD
388,Game Puzzle Pengenalan Buah-buahan Untuk Anak Usia Dini,"GRAFIKA DAN MULTIMEDIA",GFMD
389,PENERAPAN TEKNOLOGI TEXT-TO-SPEECH PADA PERANGKAT BERBASIS iOS (STUDI KASUS KAMUS BAHASA INGGRIS-INDONESIA),"GRAFIKA DAN MULTIMEDIA",GFMD
390,Alat Bantu Ajar Sholat Menggunakan Simulasi 3D,"GRAFIKA DAN MULTIMEDIA",GFMD
391,Laboratorium Virtual eksperimen kalor berbasis multimedia.,"GRAFIKA DAN MULTIMEDIA",GFMD
392,Aplikasi Simulator modifikasi exterior mobil Honda Accord sedan 2010 berbasis 3D.,"GRAFIKA DAN MULTIMEDIA",GFMD
393,PENGENALAN RAMBU JALAN SECARA OTOMATIS DENGAN VISION-BASED NAVIGATION,"GRAFIKA DAN MULTIMEDIA",GFMD
394,Aplikasi Game Mobile Berbasis Android Dengan Teknik Interaksi Geser.,"GRAFIKA DAN MULTIMEDIA",GFMD
395,Aplikasi Automatic Cropping Pas Photo,"GRAFIKA DAN MULTIMEDIA",GFMD
396,Aplikasi Bantu Ajar Teknik Pengobatan Akupuntur Berbasis Multimedia,"GRAFIKA DAN MULTIMEDIA",GFMD
397,Aplikasi Berbasis Multimedia Sebagai Sarana Penyampaian Informasi tentang Olahraga Panjat Tebing ,"GRAFIKA DAN MULTIMEDIA",GFMD
398,Alat Bantu Ajar Penentuan Rute Terpendek berbasis Multimedia,"GRAFIKA DAN MULTIMEDIA",GFMD
399,Ensiklopedia Anatomi Lebah Madu Berbasis Multimedia,"GRAFIKA DAN MULTIMEDIA",GFMD
400,Aplikasi  Penyajian Materi Logika Matematika Berbasis Multimedia.,"GRAFIKA DAN MULTIMEDIA",GFMD
401,Simulasi 3D Pembuatan dan Perakitan Penyulingan Air Bersih,"GRAFIKA DAN MULTIMEDIA",GFMD
402,Visualisasi Interaktif 3 Dimensi Candi Borobudur.,"GRAFIKA DAN MULTIMEDIA",GFMD
403,Alat Bantu Ajar Pembuatan Data Flow Diagram (DFD) Berbasis Multimedia,"GRAFIKA DAN MULTIMEDIA",GFMD
404,Alat Bantu Ajar Wudhu menggunakan simulasi 3D,"GRAFIKA DAN MULTIMEDIA",GFMD
405,Aplikasi Registrasi Citra 2D Menggunakan Data MRI,"GRAFIKA DAN MULTIMEDIA",GFMD
406,PETA WILAYAH (KIOSK) BERBASIS TOUCHSCREEN UNTUK SOLO GRANDMALL,"GRAFIKA DAN MULTIMEDIA",GFMD
407,Pengembangan Game Balap Mobil 3D Menggunakan Blender,"GRAFIKA DAN MULTIMEDIA",GFMD
408,Sistem Informasi  Sarana Transportasi Trans Jogja Daerah Istimewa Yogyakarta Berbasis Multimedia,"GRAFIKA DAN MULTIMEDIA",GFMD
409,Game Edukasi Pengenalan Rambu-rambu Lalu Lintas,"GRAFIKA DAN MULTIMEDIA",GFMD
410,Game First-Person-Shoting 3D dengan Menggunakan Unreal Engine 3,"GRAFIKA DAN MULTIMEDIA",GFMD
411,Ensiklopedia  Anatomi Lebah Madu Berbasis Multimedia,"GRAFIKA DAN MULTIMEDIA",GFMD
511,APLIKASI PELAPORAN PENGGUNAAN INTERNET DENGAN SARG (SQUID ANALYSIS REPORT GENERATOR),"SISTEM DAN JARINGAN KOMPUTER",SJK
512,Analisis Studi Kelayakan Sebuah BTS Untuk Interkoneksi Jaringan Data Nirkabel Antar PUSKESMAS dan Rumah Sakit Di Kota Cilegon Menggunakan Radio Mobile For Windows.,"SISTEM DAN JARINGAN KOMPUTER",SJK
513,Analisis Perbandingan Clustering Web Server Full Virtualization dengan Clustering Web Server Paravirtualization sebagai Load Balancing,"SISTEM DAN JARINGAN KOMPUTER",SJK
514,Mengoptimalkan Network Intrusion Detection System (NIDS) menggunakan Honeypot untuk menangani Zero-Day Attack,"SISTEM DAN JARINGAN KOMPUTER",SJK
515,Analisis perbandingan kinerja metode Tunneling dan metode NAT-PT pada Router Cisco menggunakan emulator GNS3,"SISTEM DAN JARINGAN KOMPUTER",SJK
516,Analisa dan Pengujian Video Streaming pada Jaringan Wireless dengan menggunakan Simulator NS-2,"SISTEM DAN JARINGAN KOMPUTER",SJK
517,Analisa Kualitas Layanan/Quality of Service (QoS) Video Streaming pada Jaringan Wireless dengan menggunakan Simulator NS-2,"SISTEM DAN JARINGAN KOMPUTER",SJK
518,Analisis perbandingan kinerja metode Dual Stack dan metode NAT-PT pada FreeBSD,"SISTEM DAN JARINGAN KOMPUTER",SJK
519,Konfigurasi Virtual Local Area Network (VLAN) Pada CISCO Switch Dengan Menggunakan Program Network Visualizer 6.0,"SISTEM DAN JARINGAN KOMPUTER",SJK
520,Implementasi Security IPsec Pada Metode Dual Stack Tunneling IPv6 dalam Pencegahan Serangan Man In The Middle Attack,"SISTEM DAN JARINGAN KOMPUTER",SJK
521,Aplikasi Proxy Dengan Visual Basic ,"SISTEM DAN JARINGAN KOMPUTER",SJK
522,Sistem Informasi Penjualan dan  Mobile Web dengan Studi Kasus Orange Modelling Hobby Shop ,"SISTEM DAN JARINGAN KOMPUTER",SJK
523,Telnet dan SSH dengan J2ME,"SISTEM DAN JARINGAN KOMPUTER",SJK
524,Analisis Keamanan VPN (Virtual Privat Network) dengan L2TP IPSec VPN,"SISTEM DAN JARINGAN KOMPUTER",SJK
525,Analisa Keamanan RADIUS sebagai Metode Sistem Keamanan pada WLAN ,"SISTEM DAN JARINGAN KOMPUTER",SJK
526,Analisis keamanan jaringan internet menggunakan nmap dan wireshark,"SISTEM DAN JARINGAN KOMPUTER",SJK
527,"Analisis & Implementasi Passive Interfaces, Routing Policy, Route Filter sebagai optimasi routing pada router CISCO.","SISTEM DAN JARINGAN KOMPUTER",SJK
528,Analisis Berbagai Macam Skenario Pengantrian Data dalam Jaringan Komputer,"SISTEM DAN JARINGAN KOMPUTER",SJK
529,Analisis Perbandingan Squidguard dan Dansguardian Sebagai Implementasi Web Content Filtering,"SISTEM DAN JARINGAN KOMPUTER",SJK
530,Analisa Keamanan RADIUS pada WLAN ,"SISTEM DAN JARINGAN KOMPUTER",SJK
531,Proxy FTP untuk Memudahkan Akses Sekumpulan FTP Server.,"SISTEM DAN JARINGAN KOMPUTER",SJK
532,Perbandingan Kinerja PC Router Mikrotik dan Router Cisco,"SISTEM DAN JARINGAN KOMPUTER",SJK
533,Analisis Kualitas Layanan / Quality of Service (Qos) Voip Terhadap Pengamanan Paket RTP Pada Jaringan LAN,"SISTEM DAN JARINGAN KOMPUTER",SJK
534,perbandingan kinerja routing protokol dsdv dan aodv pada jaringan ad hoc,"SISTEM DAN JARINGAN KOMPUTER",SJK
535,Analisis perbandingan komputer forensik menggunakan nmap dan wireshark,"SISTEM DAN JARINGAN KOMPUTER",SJK
536,Analisis reverse proxy untuk mengefesiensikan web server ,"SISTEM DAN JARINGAN KOMPUTER",SJK
537,Analisis pemanfaatan reverse proxy untuk meningkatkan efisiensi pelayanan web server ,"SISTEM DAN JARINGAN KOMPUTER",SJK
538,Mencari Perbedaan sistem operasi windows XP dengan system operasi linux ubuntu,"SISTEM DAN JARINGAN KOMPUTER",SJK
539,Integrasi Jaringan Wireless Dan Ad Hoc,"SISTEM DAN JARINGAN KOMPUTER",SJK
540,Aplikasi Fuzzy C-Mean untuk menentukan tata letak Access Point,"SISTEM DAN JARINGAN KOMPUTER",SJK
541,Analisis Keamanan Transfer data  pada Wide Area Network menggunakan GRE Over IPSec,"SISTEM DAN JARINGAN KOMPUTER",SJK
542,PANDUAN MIGRASI DARI WINDOWS XP KE WINDOWS 7,"SISTEM DAN JARINGAN KOMPUTER",SJK
543,Menganalisis perbedaan windows XP dengan linux ubuntu,"SISTEM DAN JARINGAN KOMPUTER",SJK
544,Library Network Manager Linux Untuk Otomatisasi Load Balancing ,"SISTEM DAN JARINGAN KOMPUTER",SJK
545,Ananalisis Manajemen Bandwith Dengan Queue Tree Studi Kasus Rt/Rw Net Desa Patalan Jetis Bantul Yogyakarta,"SISTEM DAN JARINGAN KOMPUTER",SJK
546,"Remastering Distro Linux untuk Gateway, Distributed Filtering dan Security","SISTEM DAN JARINGAN KOMPUTER",SJK
547,Remote Blocking Website menggunakan SMS,"SISTEM DAN JARINGAN KOMPUTER",SJK
548,Pengembangan Distro Linux Penunjang Perkuliahan berbasis Information Technology IT berindukan Linux Ubuntu (10.10),"SISTEM DAN JARINGAN KOMPUTER",SJK
549,Analisis Pengaruh Implementasi Bursts Mode Terhadap Kualitas QoS Koneksi Internet Menggunakan Opnet IT Guru,"SISTEM DAN JARINGAN KOMPUTER",SJK
550,Teknologi Multi Protocol Label Switching (MPLS) untuk Meningkatkan Performa jaringan Virtual Privat Network (VPN),"SISTEM DAN JARINGAN KOMPUTER",SJK
551,Analisis Quality of Services (QoS) Protokol Persinyalan Pada  Jaringan Voice Over Internet Protocol (VOIP) ,"SISTEM DAN JARINGAN KOMPUTER",SJK
552,Analisis Perbandingan Kinerja Jaringan Komputer Berbasis IPv4 dan IPv6,"SISTEM DAN JARINGAN KOMPUTER",SJK
553,Analisis Perbandingan Network Monitoring System Menggunakan Zabbix dan Nagios,"SISTEM DAN JARINGAN KOMPUTER",SJK
554,-,"SISTEM DAN JARINGAN KOMPUTER",SJK
555,Implementasi Cloud Computing Pada Billing Sistem Warnet,"SISTEM DAN JARINGAN KOMPUTER",SJK
556,Implementasi socket protokol pada game hearts berbasis client server dengan java,"SISTEM DAN JARINGAN KOMPUTER",SJK
557,Optimasi Pustaka SWILL untuk Bahasa C(Studi Kasus Pengembangan Web Server dengan Private Network sebagai Platform),"SISTEM DAN JARINGAN KOMPUTER",SJK
558,TEKNIK ANTI KOMPUTER FORENSIK UNTUK MEMANIPULASI FILE,"SISTEM DAN JARINGAN KOMPUTER",SJK
559,Implementasi Honeypot dan Analisis Log File Honeypot dengan SMS Gateway sebagai Laporan Interuption Detector pada Jaringan Komputer,"SISTEM DAN JARINGAN KOMPUTER",SJK
560,Analisis Troubleshooting Tknologi ADSL Pada Jaringan Broadband Access (Speedy) Di Cilacap,"SISTEM DAN JARINGAN KOMPUTER",SJK
561,Analisis & implementasi MPLS dan bandwidth bursting pada mikrotik sebagai langkah QoS,"SISTEM DAN JARINGAN KOMPUTER",SJK
562,Anti Komputer Forensik Dalam menyamarkan file dengan teknik kriptografi dan steganografi,"SISTEM DAN JARINGAN KOMPUTER",SJK
563,AUTOMATIC UPDATE WEB FILTERING BERBASIS SQUID DENGAN BANTUAN SEARCH ENGINE,"SISTEM DAN JARINGAN KOMPUTER",SJK
564,Analisis Algoritma Kriptografi Stream Cipher Berbasis Chaos,"SISTEM DAN JARINGAN KOMPUTER",SJK
565,Analisis performa video streming server menggunakan jaringan kabel (wire) dan jaringan non kabel (wireless),"SISTEM DAN JARINGAN KOMPUTER",SJK
566,COLLISION  DOMAIN EFFECT INVESTIGATION ON LAN PERFORMANCE,"SISTEM DAN JARINGAN KOMPUTER",SJK
567,Analisis Efektifitas Bandwith dan Resource Server Pada Dansguardian Sebagai Implementasi Web Content Filtering,"SISTEM DAN JARINGAN KOMPUTER",SJK
568,Manajemen Server Web Konten Filtering berbasis Android dengan Menggunakan Aplikasi Dansguardian,"SISTEM DAN JARINGAN KOMPUTER",SJK
569,Remastering Sistem Operasi Ubuntu di Lingkungan Universitas Islam Indonesia untuk penunjang perkuliahan,"SISTEM DAN JARINGAN KOMPUTER",SJK
570,Simulasi dan Analisis Jaringan Komputer dengan NS2,"SISTEM DAN JARINGAN KOMPUTER",SJK
571,Mobile Hacking Pada Iphone4,"SISTEM DAN JARINGAN KOMPUTER",SJK
572,Sistem Keamanan Untuk Melindungi Web dari Serangan Hijacking,"SISTEM DAN JARINGAN KOMPUTER",SJK
573,Sistem Keamanan Untuk Melindungi Web dari Serangan Hijacking,"SISTEM DAN JARINGAN KOMPUTER",SJK
574,Domain Filtering Proxy Menggunakan Database,"SISTEM DAN JARINGAN KOMPUTER",SJK
575,Teknik forensik  untuk  memeriksa  keaslian  file foto,"SISTEM DAN JARINGAN KOMPUTER",SJK
576,ANALISA DAN PERANCANGAN SISTEM PENDUKUNG PENGAMANAN FISIK BTS (studi kasus : BTS PT XL.AXIATA),"SISTEM DAN JARINGAN KOMPUTER",SJK
577,ANALISIS OPTIMALISASI PROXY SERVER DENGAN SQUID DI PERTAMINA RU (Refinery Unit) IV CILACAP,"SISTEM DAN JARINGAN KOMPUTER",SJK
578,Analisis Perbandingan Kinerja Metode Interface Bonding dengan Metode PCC (Per Connection Classifier) Sebagai Load Balancer,"SISTEM DAN JARINGAN KOMPUTER",SJK
579,Studi Komparasi IPv4 dengan IPv6 dalam Tataran Teori dan Praktek,"SISTEM DAN JARINGAN KOMPUTER",SJK
580,Analisis Perbandingan File System Forensik pada Sistem Operasi Windows dan Linux,"SISTEM DAN JARINGAN KOMPUTER",SJK
581,Tinjauan Analisis Komputer Forensik dan Kontribusinya dalam Penanganan Kasus Hukum di Indonesia,"SISTEM DAN JARINGAN KOMPUTER",SJK
582,implementasi digital steganography menggunakan metode spread spectrum pada file audio yang tidak terkompresi,"SISTEM DAN JARINGAN KOMPUTER",SJK
583,Evaluasi Jaringan Nirkabel Fakultas Teknologi Industri Universitas Islam Indonesia,"SISTEM DAN JARINGAN KOMPUTER",SJK
584,Studi Evaluasi Area Cakupan Jaringan Nirkabel Di Kampus UII terpadu,"SISTEM DAN JARINGAN KOMPUTER",SJK
585,Analisis Traffic pengguna pada jaringan internet uii terpadu,"SISTEM DAN JARINGAN KOMPUTER",SJK
586,Implementasi Kriptografi Menggunakan Metode Vigenere Cipher dan Stream Cipher,"SISTEM DAN JARINGAN KOMPUTER",SJK
587,Teknik Forensik untuk Pembuktian Hukum Kasus Cyber Crime,"SISTEM DAN JARINGAN KOMPUTER",SJK
588,Implementasi Steganografi Pada Citra Digital Menggunakan Metode Least Significant Bit,"SISTEM DAN JARINGAN KOMPUTER",SJK
589,Studi Analisis Karakteristik iPod Forensik,"SISTEM DAN JARINGAN KOMPUTER",SJK
590,TEKNIK AUDIO FORENSIK UNTUK MENCOCOKAN REKAMAN SUARA DENGAN SUARA ASLI,"SISTEM DAN JARINGAN KOMPUTER",SJK
591,Analisa Flash Memory pada Ponsel  Berbasis Sistem Operasi Android,"SISTEM DAN JARINGAN KOMPUTER",SJK
592,ANALISA MOBILE FORENSIC BERBASIS SISTEM OPERASI SYMBIAN,"SISTEM DAN JARINGAN KOMPUTER",SJK
593,Implementasi Kriptografi Untuk Keamanan Data Menggunakan Metode Vigenere Cipher,"SISTEM DAN JARINGAN KOMPUTER",SJK
594,Analisis Traffic pengguna pada jaringan internet fakultas teknologi industri,"SISTEM DAN JARINGAN KOMPUTER",SJK
595, Studi Komparasi Kinerja  Aplikasi Berbasis Web dengan IPV4 dan IPV6,"SISTEM DAN JARINGAN KOMPUTER",SJK
596,Studi Komparasi Kinerja File Transfer dengan IPV4 dan IPV6,"SISTEM DAN JARINGAN KOMPUTER",SJK
597,Studi Komparasi Kinerja Voice Over Internet Protocol (VoIP) dengan IPv4 dan IPv6,"SISTEM DAN JARINGAN KOMPUTER",SJK
598,STUDI KOMPERASI KINERJA ROUTING PROTOCOL RIP DAN OSPF PADA MIKROTIK OS,"SISTEM DAN JARINGAN KOMPUTER",SJK
599,Studi Analisis Algoritma LCG (Linear Congruential Generator) pada Teknik Steganografi,"SISTEM DAN JARINGAN KOMPUTER",SJK
600,Studi Komparasi Model Pengamanan Pada Jaringan Wireless LAN.,"SISTEM DAN JARINGAN KOMPUTER",SJK
601,Studi Analisis Perbandingan Metode Discrete Wavelet Transform (DWT) dengan Discrete  Fourier Tranform (DFT) dalam Watermarking Citra Digital Tehadap Robustness Attack. ,"SISTEM DAN JARINGAN KOMPUTER",SJK
602,Studi dan Implementasi Audio Watermarking Menggunakan Metode Phase Coding,"SISTEM DAN JARINGAN KOMPUTER",SJK
603,SMS ALERT UNTUK REPORTING STATUS SERVER,"SISTEM DAN JARINGAN KOMPUTER",SJK
604,Analisis Kinerja Routing Protocol BGP (Border Gateway Protocol) Menggunakan BGP Policy,"SISTEM DAN JARINGAN KOMPUTER",SJK
605,High availability service with clustering Centos,"SISTEM DAN JARINGAN KOMPUTER",SJK
606,Analisis Kemanan Integrasi IDS dan Firewall Pada Jaringan Komputer,"SISTEM DAN JARINGAN KOMPUTER",SJK
607,Studi Komparasi Multi Protocol Label Switching (MPLS) menggunakan IPv4 dan IPv6,"SISTEM DAN JARINGAN KOMPUTER",SJK
608,SMS ALERT UNTUK REPORTING STATUS SERVER,"SISTEM DAN JARINGAN KOMPUTER",SJK
609,Uji Ketahanan Watermarking Citra Dijital pada Domain Spasial dan Domain Spektral,"SISTEM DAN JARINGAN KOMPUTER",SJK
610,analisis Quality of Service menggunakan RSVP pada OPNET,"SISTEM DAN JARINGAN KOMPUTER",SJK
611,"Studi Komparasi Kinerja VPN (Virtual Private Network) Dengan Menggunakan Protokol PPTP, L2TP, DAN IPSec.","SISTEM DAN JARINGAN KOMPUTER",SJK
612,STUDI PERBANDINGAN ALGORITMA AES DAN RSA UNTUK ENKRIPSI DEKRIPSI GAMBAR,"SISTEM DAN JARINGAN KOMPUTER",SJK
613,SMS ALERT UNTUK REPORTING STATUS SERVER,"SISTEM DAN JARINGAN KOMPUTER",SJK
614,analisis pengembangan dan penerapan jaringan VSAT pada PT. Aplikanusa Lintasarta Yogyakarta,"SISTEM DAN JARINGAN KOMPUTER",SJK
615,Teknik Forensik Meneliti Bukti Digital pada Sistem Operasi Linux Ubuntu,"SISTEM DAN JARINGAN KOMPUTER",SJK
616,Studi Kasus Digital Forensik Untuk Deleting File,"SISTEM DAN JARINGAN KOMPUTER",SJK
617,“Pembuatan Aplikasi Sql Injection berbasis android”,"SISTEM DAN JARINGAN KOMPUTER",SJK
618,Aplikasi Android untuk Manajemen Server,"SISTEM DAN JARINGAN KOMPUTER",SJK
619,Studi Analisis Penelitian pada SIM(Subscriber Identity Module) Card Forensic,"SISTEM DAN JARINGAN KOMPUTER",SJK
620,STUDY KOMPARASI MANAGEMENT BANDWITDH MENGGUNAKAN SIMPLE QUEUE DAN PCQ QUEUE TERHADAP MIKROTIK ROUTER DENGAN STUDY KASUS WARNET CAHAYA,"SISTEM DAN JARINGAN KOMPUTER",SJK
621,APLIKASI MONITORING JARINGAN BERBASIS ANDROID,"SISTEM DAN JARINGAN KOMPUTER",SJK
622,Studi Komparasi Kinerja Jaringan Mobile Broadband Berteknologi 3G,"SISTEM DAN JARINGAN KOMPUTER",SJK
623,Studi Kasus Pemilihan Mobile Broadband dalam lingkungan UII Terpadu,"SISTEM DAN JARINGAN KOMPUTER",SJK
624,Membuat Perbandingan Monitoring menggunakan Cacti dengan Monitoring Menggunakan MRTG di dalam Sistem Operasi Blankon 07,"SISTEM DAN JARINGAN KOMPUTER",SJK
625,CLOUD  FORENSIK,"SISTEM DAN JARINGAN KOMPUTER",SJK
626,Analisis Performansi QoS (Quality of Service) Jaringan HSDPA Terhadap Kemampuan Banyaknya Jumlah video live streaming yang Diakses,"SISTEM DAN JARINGAN KOMPUTER",SJK
627,IMPLEMENTASI STEGANOGRAFI PADA FILE AUDIO MP3 DENGAN TEKNIK SPREAD SPECTRUM,"SISTEM DAN JARINGAN KOMPUTER",SJK
628,Analisis indikator yang dapat meningkatkan kepercayaan pelanggang terhadap online shopping,"SISTEM DAN JARINGAN KOMPUTER",SJK
629,Analisis Perbandingan Algoritma Message Digest Algorithm -5 (MD5) dan Secure Hash Algorithm (SHA) dalam penggunaannya,"SISTEM DAN JARINGAN KOMPUTER",SJK
630,"Studi evaluasi kinerja jaringan Metro Ethernet dan  SDH Next Generation (PT Telkom, Divisi Infratel Arnet lampung)","SISTEM DAN JARINGAN KOMPUTER",SJK
631,Studi komparasi Teknologi Vsat dan WiMAX pada Jaringan Mesin ATM diPerusahaan PT.Aplikanusa Lintasarta Yogyakarta,"SISTEM DAN JARINGAN KOMPUTER",SJK
632,Analisis Perbandingan Performansi Routing Protocol OSPFv3 (Open Shortest Path First Version 3) dan RIPng (Routing Information Protocol next generation),"SISTEM DAN JARINGAN KOMPUTER",SJK
633,Optimalisasi STP  Menggunakan  BPDU Timer,"SISTEM DAN JARINGAN KOMPUTER",SJK
634,Storage Area Network dan Implementasinya pada Infrastruktur Jaringan FTI UII,"SISTEM DAN JARINGAN KOMPUTER",SJK
635,Pemetaan Pola Penggunaan Internet Pada Jaringan RTRW-Net,"SISTEM DAN JARINGAN KOMPUTER",SJK
636,Analisis indikator yang dapat meningkatkan kepercayaan pelanggang terhadap online shopping,"SISTEM DAN JARINGAN KOMPUTER",SJK
637,"Studi Komparasi Kinerja Wireless Protocol IEEE 802.11, Nstreme dan Nstreme versi 2(Nv2) pada Mikrotik untuk topologi Jaringan P2P (point to point)","SISTEM DAN JARINGAN KOMPUTER",SJK
638,Aplikasi kitabul jami' berbasi Android,"SISTEM DAN JARINGAN KOMPUTER",SJK
639,Studi Analisis Virtual Machine untuk Keperluan Komputer Forensik,"SISTEM DAN JARINGAN KOMPUTER",SJK
640,Studi Komparasi Wireless Protocol IEEE 802.11 dan Nstreme pada Mikrotik untuk Topologi Jaringan Point to Point,"SISTEM DAN JARINGAN KOMPUTER",SJK
641,Aplikasi kitabul jami' berbasis Android.,"SISTEM DAN JARINGAN KOMPUTER",SJK
642,Studi Komparasi Wireless Protocol IEEE 802.11 dan Nstreme pada Mikrotik untuk Topologi Jaringan Point to Point,"SISTEM DAN JARINGAN KOMPUTER",SJK
643,Analisis Layanan Pengadaan Barang dan Jasa secara online (e-Procurement) di Pemerintah Kabupaten Kulonprogo,"SISTEM DAN JARINGAN KOMPUTER",SJK
644,Analisis Perbandingan Intrussion Detection System Menggunakan Snort and Base dan OSSEC ,"SISTEM DAN JARINGAN KOMPUTER",SJK
645,Studi Analisis BlackBerry Forensik,"SISTEM DAN JARINGAN KOMPUTER",SJK
646,Analisis Perbandingan Network Intrussion Detection System (NIDS) Menggunakan Snort dan OSSEC,"SISTEM DAN JARINGAN KOMPUTER",SJK
647,Sistem Pendukung Keputusan Pemilihan Rumah  Dengan Metode TOPSIS,"SISTEM DAN JARINGAN KOMPUTER",SJK
648,Analisis Traffic Pengguna Pada Jaringan Nirkabel Kampus Terpadu Universitas Islam Indonesia ,"SISTEM DAN JARINGAN KOMPUTER",SJK
649,Load Balancing USB Modem Untuk Menggabungkan Koneksi Internet pada Beberapa Provider,"SISTEM DAN JARINGAN KOMPUTER",SJK
650,"analisa tiga arsitektur Firewall DHG dual homed gateway, SGH screened host gateway, SSG screened subnet gateway dalam sistem keamanan komputer","SISTEM DAN JARINGAN KOMPUTER",SJK
651,Traffic graph monitoring berbasis android studi kasus Interlink Internet Service Provider(ISP),"SISTEM DAN JARINGAN KOMPUTER",SJK
652,Aplikasi Pendeteksi pengguna access point (AP) dan monitoring bandwidth  berbasis web,"SISTEM DAN JARINGAN KOMPUTER",SJK
653,ANALISIS KINERJA ADAPTIVE MODULATION AND CODING PADA JARINGAN WIMAX,"SISTEM DAN JARINGAN KOMPUTER",SJK
654,Analisis pengaruh penggunaan firewall dan virtual private network (VPN) terhadap waktu akses (delay) pada jaringan komputer.,"SISTEM DAN JARINGAN KOMPUTER",SJK
655,Analisis Virtual Machine untuk keperluan Komputer Forensik,"SISTEM DAN JARINGAN KOMPUTER",SJK
656,analisis jaringan malware menggunakan honeypot dilingkup FTI UII,"SISTEM DAN JARINGAN KOMPUTER",SJK
657,ANALISIS QOS PADA JARINGAN MPLS IPV6 BERBASIS ROUTING OSPF,"SISTEM DAN JARINGAN KOMPUTER",SJK
658,IMPLEMENTASI SISTEM KONVERSI MAIL TO SMS BERBASIS SMTP SERVER DENGAN MENGGUNAKAN SMS GATEWAY DAN OZEKI SOFTWARE,"SISTEM DAN JARINGAN KOMPUTER",SJK
659,Sistem Pendukung Keputusan Pemilihan Rumah Dengan Metode TOPSIS,"SISTEM DAN JARINGAN KOMPUTER",SJK
660,analisis keamanan dan reliabilitas sebuah app store android APKTOP (http://www.iapktop.com/),"SISTEM DAN JARINGAN KOMPUTER",SJK
661,STUDI ANALISIS DIGITAL FORENSIK UNTUK PLAYSTASION PORTABLE (PSP),"SISTEM DAN JARINGAN KOMPUTER",SJK
662,Analisis kesiapan sarana dan pengguna dari Teknologi Near Field Communication (NFC),"SISTEM DAN JARINGAN KOMPUTER",SJK
663,Mikrotik Billing Management  Hotspot Portable,"SISTEM DAN JARINGAN KOMPUTER",SJK
664,Sistem Pendukung Keputusan Pemilihan Rumah Dengan Metode TOPSIS,"SISTEM DAN JARINGAN KOMPUTER",SJK
665,Evolusi Perkembangan Teknologi Wireless Komunikasi,"SISTEM DAN JARINGAN KOMPUTER",SJK
666,Analisa Perbandingan Kinerja dan Keamanan FTP Server dengan Layanan SaaS Pada Jaringan Private Cloud,"SISTEM DAN JARINGAN KOMPUTER",SJK
766,Sistem Pendukung Keputusan Untuk Proses Distribusi Produk Daging Perusahaan SUMBER PANGAN ABADI dengan Metode Transportasi,"KOMPUTASI DAN SISTEM CERDAS",KSC
767,Diagnosis penyakit Degeneratif Menggunakan Aplikasi Pohon Keputusan,"KOMPUTASI DAN SISTEM CERDAS",KSC
768,Optimasi Demand dan Lead Time Delivery Dengan Algoritma Genetika Model Integrasi Inventori Industri dan Pemasok,"KOMPUTASI DAN SISTEM CERDAS",KSC
769,Sistem Pendukung Keputusan Untuk Meramalkan Terjadinya Korosi,"KOMPUTASI DAN SISTEM CERDAS",KSC
770,Analisis dan Perancangan Program Aplikasi Untuk Klasifikasi Menggunakan K-NN (K– Nearest Neighbor),"KOMPUTASI DAN SISTEM CERDAS",KSC
771,Penentuan Harga Jual Biji Buah Coklat (Kakao)  di Perkebunan Lalundu Palu (Sulawesi Tengah) Dengan Logika Fuzzy,"KOMPUTASI DAN SISTEM CERDAS",KSC
772,Penentuan Waktu Putar Mesin Cuci Dengan Menggunakan Logika Fuzzy Sebagai Suatu Simulasi ,"KOMPUTASI DAN SISTEM CERDAS",KSC
773,Penentuan Jumlah Pakan Ikan pada Perikanan Darat dengan Logika Fuzzy,"KOMPUTASI DAN SISTEM CERDAS",KSC
774,APLIKASI BERBASIS SMS MENGGUNAKAN PENGOLAHAN BAHASA ALAMI (PBA) UNTUK MANAJEMEN RESERVASI HOTEL,"KOMPUTASI DAN SISTEM CERDAS",KSC
775,Penentuan Jumlah Pakan Ikan pada Perikanan Darat Menggunakan Logika Fu,"KOMPUTASI DAN SISTEM CERDAS",KSC
776,Penentuan Harga Jual Biji Buah Coklat (Kakao)  di Perkebunan Lalundu Palu (Sulawesi Tengah) Dengan Logika Fuzzy,"KOMPUTASI DAN SISTEM CERDAS",KSC
777,Simulasi Penentuan Waktu Putar Mesin Cuci Dengan Menggunakan Logika Fuzzy Metode Sugeno ,"KOMPUTASI DAN SISTEM CERDAS",KSC
778,Sistem Pakar Untuk Mendiagnosa Penyakit Telinga Hidung Tenggorokan Pada Manusia Menggunakan Metode Naive Bayesian Classification.,"KOMPUTASI DAN SISTEM CERDAS",KSC
779,Sistem Pakar Deteksi Dini Tumbuh Kembang Anak dengan Metode Certainty Factor pada Anak yang Lahir Prematur,"KOMPUTASI DAN SISTEM CERDAS",KSC
780,Simulasi Perangkingan Webometrics Universitas Se-Indonesia Berbasis Web,"KOMPUTASI DAN SISTEM CERDAS",KSC
781,Sistem Berbasis Kasus untuk Penanganan Anak Autis,"KOMPUTASI DAN SISTEM CERDAS",KSC
782,Sistem Pakar Untuk Mendiagnosa Penyakit Pernafasan Pada Manusia Menggunakan Metode Dempster-Shafer.,"KOMPUTASI DAN SISTEM CERDAS",KSC
783,Sistem Pendukung Keputusan Penentuan Guru Berprestasi dengan metode TOPSIS (Studi Kasus Dinas Pendidikan Kab.Tuban),"KOMPUTASI DAN SISTEM CERDAS",KSC
784,SISTEM MONITORING PENGOLAHAN AIR LIMBAH (STUDI KASUS DI PT SARI HUSADA),"KOMPUTASI DAN SISTEM CERDAS",KSC
785,Aplikasi representasi basis pengetahuan berbasis aturan,"KOMPUTASI DAN SISTEM CERDAS",KSC
786,Aplikasi representasi basis pengetahuan berbasis aturan,"KOMPUTASI DAN SISTEM CERDAS",KSC
787,APLIKASI FUZZY C-MEANS UNTUK PENGELOMPOKAN DAN KLASIFIKASI KERUSAKAN JALAN,"KOMPUTASI DAN SISTEM CERDAS",KSC
788,Perilaku Mahasiswa Strata Satu Universitas Islam Indonesia dalam Menggunakan Internet untuk Mendukung Kegiatan Akademik,"KOMPUTASI DAN SISTEM CERDAS",KSC
789,ANALISIS ASOSIASI DENGAN ALGORITMA APRIORI PADA SISTEM PENDUKUNG KEPUTUSAN UNTUK MENENTUKAN POLA PENATAAN DAN PENGELOMPOKAN BARANG PADA TOKO SWALAYAN,"KOMPUTASI DAN SISTEM CERDAS",KSC
790,IMPLEMENTASI ALGORITMA XTEA UNTUK ENKRIPSI SMS,"KOMPUTASI DAN SISTEM CERDAS",KSC
791,Sistem Pendukung Keputusan Untuk Menentukan Komoditas Pertanian,"KOMPUTASI DAN SISTEM CERDAS",KSC
792,Sistem Pendukung Keputusan Berbasis Kasus Untuk Penentuan Objek Wisata di Daerah Istimewa Yogyakarta,"KOMPUTASI DAN SISTEM CERDAS",KSC
793,Sistem Pendukung Keputusan Untuk Studi Kelayakan Pengembangan Wisata di  Daerah Istimewa YogyakartaPada saat ini pariwisata di Indonesia khususnya Daerah Istimewa Yogyakarta sangatlah mengalami kemajuan pesat. Banyaknya pembangunan tempat kunjungan w,"KOMPUTASI DAN SISTEM CERDAS",KSC
794,Sistem Pendukung Keputusan Pemberian Kredit Kepemilikan Rumah (KPR) Studi kasus Pada Bank Syariah Mandiri,"KOMPUTASI DAN SISTEM CERDAS",KSC
795,Sistem Pendukung Keputusan Untuk Diagnosa Penyakit Cacar Menggunakan Metode Naive Bayesian Classification,"KOMPUTASI DAN SISTEM CERDAS",KSC
796,APLIKASI PLUS MINUS INTERESTING DALAM  PEMBERIAN REKOMENDASI PENSIUN USIA DINI,"KOMPUTASI DAN SISTEM CERDAS",KSC
797,Studi Komparasi Penggunaan Algoritma Genetika dan Pemrograman Linear dalam Penyelesaian Timetabling Problem,"KOMPUTASI DAN SISTEM CERDAS",KSC
798,APLIKASI METODE PLUS MINUS INTERESTING DALAM  PEMBERIAN REKOMENDASI PENSIUN USIA DINI,"KOMPUTASI DAN SISTEM CERDAS",KSC
799,Implementasi Penyusunan Kata Menggunakan Algoritma Genetika dalam Permainan Scrabble ,"KOMPUTASI DAN SISTEM CERDAS",KSC
800,SISTEM PAKAR UNTUK DIAGNOSA PENYAKIT PADA OTAK DAN SARAF MANUSIA MENGGUNAKAN METODE CERTAINTY FACTOR,"KOMPUTASI DAN SISTEM CERDAS",KSC
801,Rancang Bangun Aplikasi Sistem Pakar Untuk Mendiagnosa Penyakit Sistem Ekskresi Pada Manusia Dengan Metode Certainty Factor ,"KOMPUTASI DAN SISTEM CERDAS",KSC
802,sistem pendukung keputusan manajemen latihan fitnes untuk mendapatkan tubuh yang ideal beserta tutorial flash animasi,"KOMPUTASI DAN SISTEM CERDAS",KSC
803,Sistem Pendukung Keputusan Uji Laboratorium berdasarkan Penyakit dengan Metode Pohon Keputusan,"KOMPUTASI DAN SISTEM CERDAS",KSC
804,Membangun toolbox Naive Bayesian Classification (NBC) berbasis WEB,"KOMPUTASI DAN SISTEM CERDAS",KSC
805,Sistem Pakar Berbasis Web Untuk Mendiagnosa Jenis Penyakit Pada Ayam Petelur Dengan Metode Certainty Factor,"KOMPUTASI DAN SISTEM CERDAS",KSC
806,Media Bantu Pengambil Keputusan Menggunakan Metode Naive Bayesian Classification,"KOMPUTASI DAN SISTEM CERDAS",KSC
807,SISTEM PENDUKUNG KEPUTUSAN UNTUK MANAJEMEN ASUPAN NUTRISI ATLIT SEPAKBOLA. ,"KOMPUTASI DAN SISTEM CERDAS",KSC
808,Sistem Pakar Identifikasi Khasiat Tanaman Obat dengan Metode Pohon Keputusan,"KOMPUTASI DAN SISTEM CERDAS",KSC
809,Sistem Pakar Identifikasi Khasiat Tanaman Obat dengan Metode Pohon Keputusan,"KOMPUTASI DAN SISTEM CERDAS",KSC
810,Sistem Pendukung Keputusan Diagnosis Penyakit Tulang Menggunakan Naive Bayesian Classification,"KOMPUTASI DAN SISTEM CERDAS",KSC
811,Sistem Informasi Manajemen Klinik Bersalin,"KOMPUTASI DAN SISTEM CERDAS",KSC
812,"aplikasi dasar mikrokontroler Atmega8535 dengan bahasa BASCOM menggunakan digital out (LED, segmentt display, dot matrik 5x7) dan digital in (switch,keypad 3x4)","KOMPUTASI DAN SISTEM CERDAS",KSC
813,Sistem Pendukung Keputusan Pemilihan Lensa Untuk Kamera DSLR Canon,"KOMPUTASI DAN SISTEM CERDAS",KSC
814,Aplikasi Alat Bantu Ajar Sistem Pakar dengan Metode Teknik Inferensi Backward Chaining,"KOMPUTASI DAN SISTEM CERDAS",KSC
815,HUMANOID ROBOT DANCE,"KOMPUTASI DAN SISTEM CERDAS",KSC
816,Diagnosa Penyakit Kucing Berdasarkan Gejala Penyakit Berbasis Sistem Pakar,"KOMPUTASI DAN SISTEM CERDAS",KSC
817,Aplikasi pendeteksian jarak objek pada sebuah gambar dengan metode segmentasi objek,"KOMPUTASI DAN SISTEM CERDAS",KSC
818,NON SKRIPSI,"KOMPUTASI DAN SISTEM CERDAS",KSC
819,Aplikasi Peramalan Tagihan Biaya Listrik dengan Jaringan Syaraf Tiruan,"KOMPUTASI DAN SISTEM CERDAS",KSC
820,Games Congklak Menggunakan Metode Heuristik,"KOMPUTASI DAN SISTEM CERDAS",KSC
821,SISTEM PENDUKUNG KEPUTUSAN UNTUK PENATALAKSANAAN PASIEN ANGINA PECTORIS,"KOMPUTASI DAN SISTEM CERDAS",KSC
822,SISTEM PENDUKUNG KEPUTUSAN PEMILIHAN DESAIN INTERIOR RUANGAN,"KOMPUTASI DAN SISTEM CERDAS",KSC
823,Jaringan Syaraf Tiruan Untuk Memprediksi Keputusan Medis Pada Penyakit Asma ,"KOMPUTASI DAN SISTEM CERDAS",KSC
824,Aplikasi Sistem Berbasis Kasus Menggunakan Fuzzy Subtractive Clustering  dan Fuzzy k-Nearest Neighbor ,"KOMPUTASI DAN SISTEM CERDAS",KSC
825,Toolbox pembelajaran jaringan syaraf tiruan backpropagation (Gradient Descent dengan momentum),"KOMPUTASI DAN SISTEM CERDAS",KSC
826,Sistem Pendukung Keputusan Diagnosis Penyakit Skizofrenia Menggunakan Metode Certainty Factor,"KOMPUTASI DAN SISTEM CERDAS",KSC
827,cancel,"KOMPUTASI DAN SISTEM CERDAS",KSC
828,Sistem Pendukung Keputusan menentukan pengguna BBM bersubsidi menggunakan metode AHP,"KOMPUTASI DAN SISTEM CERDAS",KSC
829,Sistem Pendukung Keputusan untuk Rekomendasi Pemasangan Sambungan Baru Telepon di PT TELKOM Indonesia DIVA Magelang,"KOMPUTASI DAN SISTEM CERDAS",KSC
830,Sistem Pendukung Keputusan Untuk Menentukan Jenis Ikan Air Tawar,"KOMPUTASI DAN SISTEM CERDAS",KSC
831,Penalaran Berbasis Kasus untuk Penentuan Diet Pasien di  Bangsal Anak,"KOMPUTASI DAN SISTEM CERDAS",KSC
832,Sistem Pendukung Keputusan Diagnosis Penyakit Skizofrenia Dengan Metode Pohon Keputusan,"KOMPUTASI DAN SISTEM CERDAS",KSC
833,PENENTUAN JENIS SEL PADA CITRA PAP SMEAR,"KOMPUTASI DAN SISTEM CERDAS",KSC
834,"Aplikasi sistem pakar diagnosa penyakit THT((Telinga, Hidung dan Tenggorokan) berbasis Mobile Android(MA) menggunakan bahasa alami (Natural language processing).","KOMPUTASI DAN SISTEM CERDAS",KSC
835,PREDIKSI OMZET PENJUALAN RUMAH MAKAN SEBAGAI PEDOMAN PENGENDALIAN PERSEDIAAN BAHAN BAKU MENGGUNAKAN JARINGAN SYARAF TIRUAN BACKPROPAGATION,"KOMPUTASI DAN SISTEM CERDAS",KSC
836,SISTEM KONTROL BERBASIS ANDROID PADA ROBOT PENJINAK BOM,"KOMPUTASI DAN SISTEM CERDAS",KSC
837,"Optimasi Penggunaan Ruangan Kuliah Menggunakan Algoritma Genetika (Studi Kasus Fakultas Teknologi Industri, Universitas Islam Indonesia).","KOMPUTASI DAN SISTEM CERDAS",KSC
838,aplikasi sistem pakar untuk menentukan jenis tanaman yang cocok ditanam pada suatu daerah berbasis web,"KOMPUTASI DAN SISTEM CERDAS",KSC
839,ROBOT SEGWAY MAZE SOLVER,"KOMPUTASI DAN SISTEM CERDAS",KSC
840,Sistem Pendukung Keputusan Kerusakan Pada Ponsel Nokia Menggunakan Metode Forward Chaining ,"KOMPUTASI DAN SISTEM CERDAS",KSC
841,Penerapan logika fuzzy dalam menentukan keuntungan kelompok sapi Sri Rezeki dengan metode mamdani dan menggunakan aplikasi visual basic,"KOMPUTASI DAN SISTEM CERDAS",KSC
842,Sistem pendukung keputusan berbasis web untuk memilih rumah Kontrakan di DIY menggunakan metode Simple Additive Weighting Methods (SAW),"KOMPUTASI DAN SISTEM CERDAS",KSC
843,SISTEM PENDUKUNG KEPUTUSAN DENGAN METODE SIMPLE HILL CLIMBING UNTUK MEMAKSIMALKAN KAPASITAS PRODUKSI PADA SEBUAH PERUSAHAAN BERBASIS WEB,"KOMPUTASI DAN SISTEM CERDAS",KSC
844,Aplikasi Rekomendasi pemilihan Universitas Untuk Siswa Tingkat Akhir SMA MUHI MUNTILAN ,"KOMPUTASI DAN SISTEM CERDAS",KSC
845,Sistem Pendukung Keputusan SKU Pramuka Penegak Model MADM Dengan Metode TOPSIS,"KOMPUTASI DAN SISTEM CERDAS",KSC
846,SISTEM CERDAS UNTUK KLASIFIKASI IRIS BUNGA,"KOMPUTASI DAN SISTEM CERDAS",KSC
847,Sistem Pendukung Keputusan Penentu harga jual pada usaha beras  dengan menggunakan metode sugeno (Studi kasus CV Agro Putra Indonesia) ,"KOMPUTASI DAN SISTEM CERDAS",KSC
848,Deteksi Arti Rambu Lalu Lintas Berbentuk Belah Ketupat ,"KOMPUTASI DAN SISTEM CERDAS",KSC
849,sistem pendukung keputusan optimasi produksi gula dengan metode linear programming (study kasus Pabrik Gula Madukismo ) ,"KOMPUTASI DAN SISTEM CERDAS",KSC
850,Aplikasi Sistem Pakar Pengobatan Refleksologi dengan Metode Backward Chaining,"KOMPUTASI DAN SISTEM CERDAS",KSC
851,Sistem Pendukung Keputusan Kelayakan Pemberian RASKIN Untuk Masyarakat Miskin ,"KOMPUTASI DAN SISTEM CERDAS",KSC
852,DETEKSI NAMA JALAN DENGAN TEKNIK PENCITRAAN,"KOMPUTASI DAN SISTEM CERDAS",KSC
853,“ Sistem Pendukung Keputusan Pemilihan Hewan Piaraan dengan menggunakan Metode Decision Tree“,"KOMPUTASI DAN SISTEM CERDAS",KSC
854,Sistem Cerdas untuk Klasifikasi Bunga Iris Menggunakan Jaringan Neural Network,"KOMPUTASI DAN SISTEM CERDAS",KSC
855,Tracking Plat Nomor Kendaraan,"KOMPUTASI DAN SISTEM CERDAS",KSC
856,Sistem Pendukung Keputusan Kredit Investasi Pertambangan Menggunakan Multi Atribute Decision Making dengan Analisis Sensitivitas (Studi Kasus Bank Mandiri),"KOMPUTASI DAN SISTEM CERDAS",KSC
857,Sistem Berbasis Kasus Untuk Rehabilitasi Pecandu Narkoba,"KOMPUTASI DAN SISTEM CERDAS",KSC
858,Aplikasi Pengukuran Kadar Nikotin Dalam Tubuh Berbasis Mobile,"KOMPUTASI DAN SISTEM CERDAS",KSC
859,Sistem Pengenalan Rambu Lalu Lintas Berbentuk Lingkaran Menggunakan Teknik Pengolahan Citra ,"KOMPUTASI DAN SISTEM CERDAS",KSC
860,Sistem pendukung keputusan penentuan latihan untuk ibu hamil,"KOMPUTASI DAN SISTEM CERDAS",KSC
861,Sistem Pendukung Keputusan Menentukan Mutu Sekolah Menengah Umum dengan Menggunakan Metode Fuzzy Tsukamoto,"KOMPUTASI DAN SISTEM CERDAS",KSC
862,SEGMENTASI IRIS MATA UNTUK KEPENTINGAN BIOMETRIK,"KOMPUTASI DAN SISTEM CERDAS",KSC
863,Sistem Pakar Berbasis Android Untuk Diagnosa Penyakit Dengan Gejala Demam,"KOMPUTASI DAN SISTEM CERDAS",KSC
864,Sistem Pakar Berbasis Android Untuk Diagnosa Penyakit Dengan Gejala Demam,"KOMPUTASI DAN SISTEM CERDAS",KSC
865,Sistem Pendukung Keputusan untuk Menentukan Perkiraan Lamanya Waktu Penyelesaian Proses Laundry,"KOMPUTASI DAN SISTEM CERDAS",KSC
866,SISTEM PERAMALAN PERSEDIAAN OBAT-OBATAN DI APOTEK RS.ISLAM PURWODADI,"KOMPUTASI DAN SISTEM CERDAS",KSC
867,Sistem Pendukung Keputusan Penentuan Kualitas Yoghurt,"KOMPUTASI DAN SISTEM CERDAS",KSC
868,SISTEM PENDUKUNG KEPUTUSAN PERAWATAN SALURAN AKAR GIGI DENGAN MODEL POHON KEPUTUSAN ,"KOMPUTASI DAN SISTEM CERDAS",KSC
869,aplikasi sistem pakar untuk mendeteksi penyakit jantung koroner dengan pohon keputusan,"KOMPUTASI DAN SISTEM CERDAS",KSC
870,Aplikasi metode Hill Climbing untuk menyelesaikan permainan puzzle 8 angka.,"KOMPUTASI DAN SISTEM CERDAS",KSC
871,Sistem Pendukung Keputusan untuk Penentuan Posisi Seorang Pemain Basket dengan Metode Logika Fuzzy,"KOMPUTASI DAN SISTEM CERDAS",KSC
872,OPTIMASI FORMULASI PAKAN TERNAK DENGAN MENGGUNAKAN ALGORITMA GENETIKA,"KOMPUTASI DAN SISTEM CERDAS",KSC
873,Alat Bantu Pengambilan Keputusan Menggunakan Metode Association Rule ,"KOMPUTASI DAN SISTEM CERDAS",KSC
874,SISTEM PENDUKUNG KEPUTUSAN MUTASI KARYAWAN PT KIMIA FARMA,"KOMPUTASI DAN SISTEM CERDAS",KSC
875,sistem pendukung keputusan penentuan kualitas gula dengan metode tsukamoto (study kasus PG. madukismo),"KOMPUTASI DAN SISTEM CERDAS",KSC
876,Pengelompokan IPK dan Lama Studi Mahasiswa Menggunakan K- Means,"KOMPUTASI DAN SISTEM CERDAS",KSC
877,SISTEM PENDUKUNG KEPUTUSAN PENENTUAN DAERAH KAWASAN WISATA PULAU JAWA DENGAN METODE MADM ,"KOMPUTASI DAN SISTEM CERDAS",KSC
878,Sistem Pendukung Keputusan Untuk Pengkategorian IPK dan Lama Study Alumni Menggunakan k-means,"KOMPUTASI DAN SISTEM CERDAS",KSC
879,"SPK UNTUK OPTIMASI PENGGUNAAN LAHAN PERKEBUNAN SALAK DI KECAMATAN TEMPEL, KABUPATEN SLEMAN YOGYAKARTA","KOMPUTASI DAN SISTEM CERDAS",KSC
880,Robot Berkaki Pemadam Api,"KOMPUTASI DAN SISTEM CERDAS",KSC
881,Sistem Pendukung Keputusan Penentuan Agen Dan Perusahaan Pelayaran Untuk Pengiriman Barang Pada PT. MT&L (Marine Transport & Logistics) Indonesia,"KOMPUTASI DAN SISTEM CERDAS",KSC
882,Sistem Pendukung keputusan pemilihan Paket Wisata di DIY dengan metode Analitical Hieraccy Process ( AHP ) Berbasis Java Desktop ,"KOMPUTASI DAN SISTEM CERDAS",KSC
883,SISTEM PENDUKUNG KEPUTUSAN UNTUK MENGHITUNG TINGKAT RESIKO PENYAKIT LIVER DENGAN MENGGUNAKAN FUZZY INFERENCE,"KOMPUTASI DAN SISTEM CERDAS",KSC
884,Sistem Pendukung Keputusan Penerimaan Anggota  Baru PASKIBRAKA dengan Menggunakan Metode TOPSIS,"KOMPUTASI DAN SISTEM CERDAS",KSC
885,Penerapan Jaringan Syaraf Tiruan Untuk Prediksi Tingkat Kelulusan Mahasiswa Strata 1 (Studi Kasus Teknik Informatika Universitas Islam Indonesia),"KOMPUTASI DAN SISTEM CERDAS",KSC
886,Sistem Pendukung Keputusan Pemilihan Desain Mobil dengan Metode Case Based Reasoning (CBR),"KOMPUTASI DAN SISTEM CERDAS",KSC
887,Sistem Pendukung Keputusan Uji Kelayakan Usaha Pembibitan Jamur Tiram ,"KOMPUTASI DAN SISTEM CERDAS",KSC
888,Sistem Pendukung Keputusan Seleksi Pemain UKM Futsal FTI UII,"KOMPUTASI DAN SISTEM CERDAS",KSC
889,PENENTUAN TINGKAT RESIKO PENYANDANG DIABETES MELLITUS MENGGUNAKAN FUZZY INFERENCE SYSTEM BERBASIS ANDROID,"KOMPUTASI DAN SISTEM CERDAS",KSC
890,SPK uji kelayakan lahan pertanian tembakau,"KOMPUTASI DAN SISTEM CERDAS",KSC
891,Sistem Pendukung Keputusan Penentuan Supplier Tembakau Berdasarkan Kualitas Daun Tembakau,"KOMPUTASI DAN SISTEM CERDAS",KSC
892,SPK uji kelayakan area untuk perkebunan kelapa sawit Menggunakan Metode Naive Bayesian Classification (NBC),"KOMPUTASI DAN SISTEM CERDAS",KSC
893,Membangun Sistem Pendukung Persediaan Barang sebagai Market Basket Analysis Menggunakan Fuzzy Association Rules,"KOMPUTASI DAN SISTEM CERDAS",KSC
894,SPK pemodelan penentuan jenis tanaman pertanian berdasarkan cuaca,"KOMPUTASI DAN SISTEM CERDAS",KSC
895,Sistem Pendukung Keputusan Pemilihan Pemenang Kontes Ikan Koi ,"KOMPUTASI DAN SISTEM CERDAS",KSC
896,Sistem Pendukung Keputusan Pemilihan Bank Sebagai Tempat Menabung Berdasarkan Jenis Bank Menggunakan Analytical Hierarchy Process,"KOMPUTASI DAN SISTEM CERDAS",KSC
897,Aplikasi Sistem Pendukung Keputusan untuk Pembelian Laptop Dengan Metode Simple Additive Weighting (SAW) Berbasis Web,"KOMPUTASI DAN SISTEM CERDAS",KSC
898,PENENTUAN TINGKAT RESIKO PENYAKIT BAGI PENDERITA SINDROM METABOLIK ,"KOMPUTASI DAN SISTEM CERDAS",KSC
899,"SPK UNTUK OPTIMASI PENGGUNAAN LAHAN PERKEBUNAN SALAK DI KECAMATAN TEMPEL, KABUPATEN SLEMAN YOGYAKARTA","KOMPUTASI DAN SISTEM CERDAS",KSC
900,Pengenalan suara sandi morse berbasis data mining,"KOMPUTASI DAN SISTEM CERDAS",KSC
901,Membangun sistem speech recognition klasifikasi angka dalam bahasa jawa,"KOMPUTASI DAN SISTEM CERDAS",KSC
902,Sistem Pendukung Keputusan Penerimaan dan Penempatan Pemandu Pesantrenisasi Universitas Islam Indonesia.,"KOMPUTASI DAN SISTEM CERDAS",KSC
903,PENGGOLONGAN BAHAN PANGAN MENGGUNAKAN LOGIKA FUZZY DATABASE MODEL TAHANI DAN UMANO,"KOMPUTASI DAN SISTEM CERDAS",KSC
904,Aplikasi Translasi Mesin Bahasa Inggris ke Bahasa Indonesia,"KOMPUTASI DAN SISTEM CERDAS",KSC
905,Sistem Pendukung Keputusan untuk Rekomendasi Manajemen Gangguan Fixed Line Telephone di PT TELKOM Kabupaten Kebumen,"KOMPUTASI DAN SISTEM CERDAS",KSC
906,Deteksi Dini Penyakit TBC Melalui Pemeriksaan Mikroskopis Dahak berbasis Komputer,"KOMPUTASI DAN SISTEM CERDAS",KSC
907,Sistem Pendukung Keputusan Penentuan Rating Game,"KOMPUTASI DAN SISTEM CERDAS",KSC
908,Sistem Pakar Untuk Mendiagnosa Penyakit Hepatitis Dengan Metode Certainly Factor,"KOMPUTASI DAN SISTEM CERDAS",KSC
909,Clustering Data Mahasiswa Berdasarkan Nilai,"KOMPUTASI DAN SISTEM CERDAS",KSC
910,Penerapan Jaringan Syaraf Tiruan dengan Metode Backpropagation untuk Memprediksi Jumlah Mahasiswa Baru ,"KOMPUTASI DAN SISTEM CERDAS",KSC
911,Sistem Pakar Diagnosis Penyakit Rematik Menggunakan Metode Centainty Fakor,"KOMPUTASI DAN SISTEM CERDAS",KSC
912,Eksplorasi Data Indikator Kesehatan Daerah Menggunakan Metode Analisis Asosiasi,"KOMPUTASI DAN SISTEM CERDAS",KSC
913,Alat Bantu deteksi kerusakan mesin hardware handphone berbasis pohon keputusan,"KOMPUTASI DAN SISTEM CERDAS",KSC
914,Penerapan Algoritma Apriori dalam Transaksi di Toko Pakaian (Studi Kasus: Toko Batuah),"KOMPUTASI DAN SISTEM CERDAS",KSC
915,Penentuan Etiologi Penyakit Berdasarkan Hasil Uji Laboratorium Klinis  Menggunakan Bilangan Fuzzy,"KOMPUTASI DAN SISTEM CERDAS",KSC
916,Aplikasi Fuzzy C-Means untuk Pengelompokkan Siswa Baru di Madrasah Aliyah Negeri 1 Brebes,"KOMPUTASI DAN SISTEM CERDAS",KSC
917,Sistem Pendukung Keputusan Rekrutmen Calon Guru Honorer (Studi Kasus: SD Tanjungan Kab.Klaten),"KOMPUTASI DAN SISTEM CERDAS",KSC
918,Sistem Pendukung Keputusan  Penerimaan Beasiswa SD Nogotirto Menggunakan FMADM ,"KOMPUTASI DAN SISTEM CERDAS",KSC
919,PENERAPAN FUZZY DATABASE TAHANI UNTUK REKOMENDASI PEMILIHAN MAKAN ,"KOMPUTASI DAN SISTEM CERDAS",KSC
920,Implementasi Algoritma Genetika dalam Aplikasi Timetabling Jadwal Mengajar Asisten Laboratorium Komputasi dan Sistem Cerdas Teknik Informatika Universitas Islam Indonesia,"KOMPUTASI DAN SISTEM CERDAS",KSC
921,Pengembangan Aplikasi Penerjemah Mesin Bahasa Inggris-Bahasa Indonesia Menggunakan Metode Rule Based,"KOMPUTASI DAN SISTEM CERDAS",KSC
